Workbook

Sheet Lisez-moi
A7: Analyse des données d'un mémoire (TFE) – Version Excel
A8: Fréquence et facteurs associés à la prééclampsie chez les femmes enceintes – structure hospitalière de Kara, Togo (étude transversale analytique, données simulées)
A10: Avertissement : toutes les données sont entièrement synthétiques (fictives), créées pour l'enseignement. Aucun résultat ne doit être cité comme une donnée réelle.
A12: Ce classeur reprend l'analyse complète du script R « 02_analyse_TFE.R »
A13: • Fonctionne dans Microsoft Excel 2016 et versions ultérieures. Aucune macro, aucun complément : uniquement des formules classiques (COUNTIFS, AVERAGEIFS, SUMPRODUCT, MEDIAN, QUARTILE, CHITEST, HYPGEOMDIST, BETADIST…).
A14: • Tous les résultats sont des formules : si vous modifiez une valeur dans la feuille Donnees, les tableaux, tests et graphiques se recalculent automatiquement (calcul automatique activé).
A15: • Une cellule vide dans Donnees = valeur manquante (NA dans R). Ne tapez pas « NA » ni « 0 » à la place d'une valeur manquante.
A16: • Ne modifiez pas les cellules des feuilles d'analyse : elles contiennent les formules. Les cellules de la feuille Donnees (colonnes A à V) sont les seules à saisir.
A17: • Les colonnes W à AB de la feuille Donnees sont calculées par formule (tranches d'âge, groupes de parité, etc.), comme les fonctions cut() dans R.
A18: • Tests exacts de Fisher : 2 × 2 (Q6, Q7, Q9) calculés pour toutes données ; tableaux 4 × 2 (Q5) et 3 × 2 (Q8) calculés par énumération (feuilles Fisher_Q5 et Fisher_Q8), valables pour les effectifs actuels : un message d'alerte s'affiche si les marges changent.
A20: Correspondance avec le script R et la fiche des 10 questions
A21: Feuille | B21: Contenu | C21: Questions / sections R
A22: Donnees | B22: 400 femmes, 22 variables + 6 colonnes calculées | C22: Section 1 (importation)
A23: Dictionnaire | B23: Signification, type, codage et manquants | C23: Dictionnaire des variables
A24: 1_Exploration | B24: Dimensions, manquants, résumé, aperçu | C24: Section 2 (dim, str, summary, head)
A25: 2_Description | B25: Âge, caractéristiques sociodémographiques et obstétricales ; histogramme | C25: Questions 1 à 3 ; Tableaux 1 et 2
A26: 3_Frequence | B26: Proportion de prééclampsie et types de diagnostic | C26: Question 4 ; Tableau 3
A27: 4_Facteurs | B27: Tableaux croisés, effectifs attendus, choix du test, p-values | C27: Questions 5 à 9 ; Tableau 4
A28: Fisher_2x2, Fisher_Q5, Fisher_Q8 | B28: Calcul du test exact de Fisher | C28: fisher.test()
A29: 5_Comparaison | B29: Test t de Welch, test de Wilcoxon, données du boxplot | C29: Question 10
A30: 6_Tableaux | B30: Tableaux 1 à 5 prêts pour le mémoire (liés aux feuilles d'analyse) | C30: Section 4
A31: 7_Graphiques | B31: 5 graphiques | C31: Section 6 (ggplot2)
A32: 8_Synthese | B32: Synthèse des tests et des résultats | C32: Section 5 et fichier de synthèse
A34: Démarche à retenir
A35: Je formule une question → j'identifie mes variables → je choisis une analyse → j'obtiens un résultat → je l'interprète → je le présente dans mon mémoire.
A36: Attention : facteur associé ne signifie pas cause. Un résultat non significatif (p ≥ 0,05) ne prouve pas l'absence d'association.

Sheet Donnees
A1: id_patiente | B1: age_ans | C1: situation_matrimoniale | D1: niveau_instruction | E1: profession | F1: milieu_residence | G1: gestite | H1: parite | I1: atcd_preeclampsie | J1: atcd_hta_chronique | K1: atcd_familial_hta | L1: atcd_diabete | M1: age_gestationnel_sa | N1: nb_cpn | O1: type_grossesse | P1: imc | Q1: pas_mmhg | R1: pad_mmhg | S1: proteinurie | T1: signes_gravite | U1: type_diagnostic | V1: preeclampsie | W1: tranche_age | X1: groupe_parite | Y1: groupe_cpn | Z1: groupe_age_gest | AA1: rang_age | AB1: inclus_Q6 | AD1: Colonnes W à AB (en bleu-vert) : variables créées par formule (équivalent des cut() de R). Cellule vide = valeur manquante (NA).
A2: F001 | B2: 24 | C2: Mariée | D2: Secondaire | E2: Ménagère | F2: Urbain | G2: 3 | H2: 2 | I2: Non | J2: Non | K2: Non | L2: Non | M2: 36 | N2: 5 | O2: Unique | P2: 19.8 | Q2: 119 | R2: 71 | S2: Négative | T2: Non applicable | U2: Normotendue | V2: Non | W2: =IF(B2="","",IF(B2<=19,"Moins de 20 ans",IF(B2<=29,"20-29 ans",IF(B2<=34,"30-34 ans","35 ans et plus")))) -> 20-29 ans | X2: =IF(H2="","",IF(H2=0,"Nullipare (0)",IF(H2<=2,"1-2 accouchements","3 accouchements et plus"))) -> 1-2 accouchements | Y2: =IF(N2="","",IF(N2<=3,"Moins de 4 CPN",IF(N2<=7,"4 à 7 CPN","8 CPN et plus"))) -> 4 à 7 CPN | Z2: =IF(M2="","",IF(M2<=27,"20-27 SA",IF(M2<=36,"28-36 SA","37 SA et plus"))) -> 28-36 SA | AA2: =RANK(B2,$B$2:$B$401,1)+(COUNTIF($B$2:$B$401,B2)-1)/2 -> 139.5 | AB2: =IF(AND(H2>=1,OR(I2="Oui",I2="Non")),1,0) -> 1
A3: F002 | B3: 24 | C3: Union libre | D3: Secondaire | E3: Élève/Étudiante | F3: Urbain | G3: 2 | H3: 1 | I3: Non | J3: Non | K3: Oui | L3: Non | M3: 40 | N3: 4 | O3: Unique | P3: 21.7 | Q3: 113 | R3: 77 | S3: Négative | T3: Non applicable | U3: Normotendue | V3: Non | W3: =IF(B3="","",IF(B3<=19,"Moins de 20 ans",IF(B3<=29,"20-29 ans",IF(B3<=34,"30-34 ans","35 ans et plus")))) -> 20-29 ans | X3: =IF(H3="","",IF(H3=0,"Nullipare (0)",IF(H3<=2,"1-2 accouchements","3 accouchements et plus"))) -> 1-2 accouchements | Y3: =IF(N3="","",IF(N3<=3,"Moins de 4 CPN",IF(N3<=7,"4 à 7 CPN","8 CPN et plus"))) -> 4 à 7 CPN | Z3: =IF(M3="","",IF(M3<=27,"20-27 SA",IF(M3<=36,"28-36 SA","37 SA et plus"))) -> 37 SA et plus | AA3: =RANK(B3,$B$2:$B$401,1)+(COUNTIF($B$2:$B$401,B3)-1)/2 -> 139.5 | AB3: =IF(AND(H3>=1,OR(I3="Oui",I3="Non")),1,0) -> 1
A4: F003 | B4: 34 | C4: Union libre | D4: Primaire | E4: Ménagère | F4: Rural | G4: 1 | H4: 0 | I4: Non applicable | J4: Non | K4: Non | L4: Non | M4: 33 | N4: 6 | O4: Unique | P4: 29.2 | Q4: 114 | R4: 69 | S4: Négative | T4: Non applicable | U4: Normotendue | V4: Non | W4: =IF(B4="","",IF(B4<=19,"Moins de 20 ans",IF(B4<=29,"20-29 ans",IF(B4<=34,"30-34 ans","35 ans et plus")))) -> 30-34 ans | X4: =IF(H4="","",IF(H4=0,"Nullipare (0)",IF(H4<=2,"1-2 accouchements","3 accouchements et plus"))) -> Nullipare (0) | Y4: =IF(N4="","",IF(N4<=3,"Moins de 4 CPN",IF(N4<=7,"4 à 7 CPN","8 CPN et plus"))) -> 4 à 7 CPN | Z4: =IF(M4="","",IF(M4<=27,"20-27 SA",IF(M4<=36,"28-36 SA","37 SA et plus"))) -> 28-36 SA | AA4: =RANK(B4,$B$2:$B$401,1)+(COUNTIF($B$2:$B$401,B4)-1)/2 -> 372 | AB4: =IF(AND(H4>=1,OR(I4="Oui",I4="Non")),1,0) -> 0
A5: F004 | B5: 20 | C5: Mariée | D5: Secondaire | E5: Commerçante | F5: Rural | G5: 1 | H5: 0 | I5: Non applicable | J5: Non | K5: Non | L5: Non | M5: 34 | N5: 0 | O5: Unique | P5: 21 | Q5: 115 | R5: 70 | S5: Négative | T5: Non applicable | U5: Normotendue | V5: Non | W5: =IF(B5="","",IF(B5<=19,"Moins de 20 ans",IF(B5<=29,"20-29 ans",IF(B5<=34,"30-34 ans","35 ans et plus")))) -> 20-29 ans | X5: =IF(H5="","",IF(H5=0,"Nullipare (0)",IF(H5<=2,"1-2 accouchements","3 accouchements et plus"))) -> Nullipare (0) | Y5: =IF(N5="","",IF(N5<=3,"Moins de 4 CPN",IF(N5<=7,"4 à 7 CPN","8 CPN et plus"))) -> Moins de 4 CPN | Z5: =IF(M5="","",IF(M5<=27,"20-27 SA",IF(M5<=36,"28-36 SA","37 SA et plus"))) -> 28-36 SA | AA5: =RANK(B5,$B$2:$B$401,1)+(COUNTIF($B$2:$B$401,B5)-1)/2 -> 30.5 | AB5: =IF(AND(H5>=1,OR(I5="Oui",I5="Non")),1,0) -> 0
A6: F005 | B6: 20 | C6: Célibataire | D6: Secondaire | E6: Salariée | F6: Urbain | G6: 1 | H6: 0 | I6: Non applicable | J6: Non | K6: Non | L6: Non | M6: 33 | N6: 4 | O6: Unique | P6: 24.1 | Q6: 102 | R6: 66 | S6: Négative | T6: Non applicable | U6: Normotendue | V6: Non | W6: =IF(B6="","",IF(B6<=19,"Moins de 20 ans",IF(B6<=29,"20-29 ans",IF(B6<=34,"30-34 ans","35 ans et plus")))) -> 20-29 ans | X6: =IF(H6="","",IF(H6=0,"Nullipare (0)",IF(H6<=2,"1-2 accouchements","3 accouchements et plus"))) -> Nullipare (0) | Y6: =IF(N6="","",IF(N6<=3,"Moins de 4 CPN",IF(N6<=7,"4 à 7 CPN","8 CPN et plus"))) -> 4 à 7 CPN | Z6: =IF(M6="","",IF(M6<=27,"20-27 SA",IF(M6<=36,"28-36 SA","37 SA et plus"))) -> 28-36 SA | AA6: =RANK(B6,$B$2:$B$401,1)+(COUNTIF($B$2:$B$401,B6)-1)/2 -> 30.5 | AB6: =IF(AND(H6>=1,OR(I6="Oui",I6="Non")),1,0) -> 0
A7: F006 | B7: 24 | C7: Mariée | D7: Secondaire | E7: Agricultrice | F7: Rural | G7: 1 | H7: 0 | I7: Non applicable | J7: Non | K7: Non | L7: Non | M7: 35 | O7: Unique | P7: 30.5 | Q7: 102 | R7: 63 | S7: Négative | T7: Non applicable | U7: Normotendue | V7: Non | W7: =IF(B7="","",IF(B7<=19,"Moins de 20 ans",IF(B7<=29,"20-29 ans",IF(B7<=34,"30-34 ans","35 ans et plus")))) -> 20-29 ans | X7: =IF(H7="","",IF(H7=0,"Nullipare (0)",IF(H7<=2,"1-2 accouchements","3 accouchements et plus"))) -> Nullipare (0) | Y7: =IF(N7="","",IF(N7<=3,"Moins de 4 CPN",IF(N7<=7,"4 à 7 CPN","8 CPN et plus"))) | Z7: =IF(M7="","",IF(M7<=27,"20-27 SA",IF(M7<=36,"28-36 SA","37 SA et plus"))) -> 28-36 SA | AA7: =RANK(B7,$B$2:$B$401,1)+(COUNTIF($B$2:$B$401,B7)-1)/2 -> 139.5 | AB7: =IF(AND(H7>=1,OR(I7="Oui",I7="Non")),1,0) -> 0
A8: F007 | B8: 33 | C8: Mariée | D8: Primaire | E8: Commerçante | F8: Urbain | G8: 3 | H8: 2 | I8: Oui | J8: Non | K8: Oui | L8: Non | M8: 34 | N8: 1 | O8: Unique | P8: 28.9 | Q8: 118 | R8: 67 | S8: Négative | T8: Non applicable | U8: Normotendue | V8: Non | W8: =IF(B8="","",IF(B8<=19,"Moins de 20 ans",IF(B8<=29,"20-29 ans",IF(B8<=34,"30-34 ans","35 ans et plus")))) -> 30-34 ans | X8: =IF(H8="","",IF(H8=0,"Nullipare (0)",IF(H8<=2,"1-2 accouchements","3 accouchements et plus"))) -> 1-2 accouchements | Y8: =IF(N8="","",IF(N8<=3,"Moins de 4 CPN",IF(N8<=7,"4 à 7 CPN","8 CPN et plus"))) -> Moins de 4 CPN | Z8: =IF(M8="","",IF(M8<=27,"20-27 SA",IF(M8<=36,"28-36 SA","37 SA et plus"))) -> 28-36 SA | AA8: =RANK(B8,$B$2:$B$401,1)+(COUNTIF($B$2:$B$401,B8)-1)/2 -> 361.5 | AB8: =IF(AND(H8>=1,OR(I8="Oui",I8="Non")),1,0) -> 1
A9: F008 | B9: 23 | C9: Mariée | D9: Secondaire | E9: Salariée | F9: Rural | G9: 4 | H9: 3 | I9: Non | J9: Non | K9: Oui | L9: Non | M9: 35 | N9: 3 | O9: Unique | P9: 20.5 | Q9: 125 | R9: 84 | S9: Négative | T9: Non applicable | U9: Normotendue | V9: Non | W9: =IF(B9="","",IF(B9<=19,"Moins de 20 ans",IF(B9<=29,"20-29 ans",IF(B9<=34,"30-34 ans","35 ans et plus")))) -> 20-29 ans | X9: =IF(H9="","",IF(H9=0,"Nullipare (0)",IF(H9<=2,"1-2 accouchements","3 accouchements et plus"))) -> 3 accouchements et plus | Y9: =IF(N9="","",IF(N9<=3,"Moins de 4 CPN",IF(N9<=7,"4 à 7 CPN","8 CPN et plus"))) -> Moins de 4 CPN | Z9: =IF(M9="","",IF(M9<=27,"20-27 SA",IF(M9<=36,"28-36 SA","37 SA et plus"))) -> 28-36 SA | AA9: =RANK(B9,$B$2:$B$401,1)+(COUNTIF($B$2:$B$401,B9)-1)/2 -> 103.5 | AB9: =IF(AND(H9>=1,OR(I9="Oui",I9="Non")),1,0) -> 1
A10: F009 | B10: 26 | C10: Célibataire | D10: Primaire | E10: Ménagère | F10: Urbain | G10: 3 | H10: 2 | I10: Oui | J10: Non | K10: Non | L10: Non | M10: 29 | O10: Unique | P10: 32.9 | Q10: 116 | R10: 66 | S10: Négative | T10: Non applicable | U10: Normotendue | V10: Non | W10: =IF(B10="","",IF(B10<=19,"Moins de 20 ans",IF(B10<=29,"20-29 ans",IF(B10<=34,"30-34 ans","35 ans et plus")))) -> 20-29 ans | X10: =IF(H10="","",IF(H10=0,"Nullipare (0)",IF(H10<=2,"1-2 accouchements","3 accouchements et plus"))) -> 1-2 accouchements | Y10: =IF(N10="","",IF(N10<=3,"Moins de 4 CPN",IF(N10<=7,"4 à 7 CPN","8 CPN et plus"))) | Z10: =IF(M10="","",IF(M10<=27,"20-27 SA",IF(M10<=36,"28-36 SA","37 SA et plus"))) -> 28-36 SA | AA10: =RANK(B10,$B$2:$B$401,1)+(COUNTIF($B$2:$B$401,B10)-1)/2 -> 206 | AB10: =IF(AND(H10>=1,OR(I10="Oui",I10="Non")),1,0) -> 1
A11: F010 | B11: 29 | C11: Union libre | D11: Primaire | E11: Ménagère | F11: Urbain | G11: 1 | H11: 0 | I11: Non applicable | J11: Oui | K11: Non | L11: Non | M11: 38 | N11: 2 | O11: Unique | P11: 30.9 | Q11: 149 | R11: 97 | S11: Traces | T11: Oui | U11: Prééclampsie surajoutée | V11: Oui | W11: =IF(B11="","",IF(B11<=19,"Moins de 20 ans",IF(B11<=29,"20-29 ans",IF(B11<=34,"30-34 ans","35 ans et plus")))) -> 20-29 ans | X11: =IF(H11="","",IF(H11=0,"Nullipare (0)",IF(H11<=2,"1-2 accouchements","3 accouchements et plus"))) -> Nullipare (0) | Y11: =IF(N11="","",IF(N11<=3,"Moins de 4 CPN",IF(N11<=7,"4 à 7 CPN","8 CPN et plus"))) -> Moins de 4 CPN | Z11: =IF(M11="","",IF(M11<=27,"20-27 SA",IF(M11<=36,"28-36 SA","37 SA et plus"))) -> 37 SA et plus | AA11: =RANK(B11,$B$2:$B$401,1)+(COUNTIF($B$2:$B$401,B11)-1)/2 -> 299 | AB11: =IF(AND(H11>=1,OR(I11="Oui",I11="Non")),1,0) -> 0
A12: F011 | B12: 21 | C12: Union libre | D12: Supérieur | E12: Commerçante | F12: Urbain | G12: 2 | H12: 1 | I12: Non | J12: Non | K12: Oui | L12: Non | M12: 34 | N12: 5 | O12: Unique | P12: 27.2 | Q12: 146 | R12: 89 | S12: Négative | T12: Non applicable | U12: HTA gestationnelle | V12: Non | W12: =IF(B12="","",IF(B12<=19,"Moins de 20 ans",IF(B12<=29,"20-29 ans",IF(B12<=34,"30-34 ans","35 ans et plus")))) -> 20-29 ans | X12: =IF(H12="","",IF(H12=0,"Nullipare (0)",IF(H12<=2,"1-2 accouchements","3 accouchements et plus"))) -> 1-2 accouchements | Y12: =IF(N12="","",IF(N12<=3,"Moins de 4 CPN",IF(N12<=7,"4 à 7 CPN","8 CPN et plus"))) -> 4 à 7 CPN | Z12: =IF(M12="","",IF(M12<=27,"20-27 SA",IF(M12<=36,"28-36 SA","37 SA et plus"))) -> 28-36 SA | AA12: =RANK(B12,$B$2:$B$401,1)+(COUNTIF($B$2:$B$401,B12)-1)/2 -> 48 | AB12: =IF(AND(H12>=1,OR(I12="Oui",I12="Non")),1,0) -> 1
A13: F012 | B13: 24 | C13: Mariée | D13: Primaire | E13: Artisane | F13: Rural | G13: 2 | H13: 1 | I13: Non | J13: Non | K13: Non | L13: Non | M13: 38 | N13: 3 | O13: Unique | P13: 24.4 | Q13: 151 | R13: 105 | S13: 1+ | T13: Oui | U13: Prééclampsie | V13: Oui | W13: =IF(B13="","",IF(B13<=19,"Moins de 20 ans",IF(B13<=29,"20-29 ans",IF(B13<=34,"30-34 ans","35 ans et plus")))) -> 20-29 ans | X13: =IF(H13="","",IF(H13=0,"Nullipare (0)",IF(H13<=2,"1-2 accouchements","3 accouchements et plus"))) -> 1-2 accouchements | Y13: =IF(N13="","",IF(N13<=3,"Moins de 4 CPN",IF(N13<=7,"4 à 7 CPN","8 CPN et plus"))) -> Moins de 4 CPN | Z13: =IF(M13="","",IF(M13<=27,"20-27 SA",IF(M13<=36,"28-36 SA","37 SA et plus"))) -> 37 SA et plus | AA13: =RANK(B13,$B$2:$B$401,1)+(COUNTIF($B$2:$B$401,B13)-1)/2 -> 139.5 | AB13: =IF(AND(H13>=1,OR(I13="Oui",I13="Non")),1,0) -> 1
A14: F013 | B14: 24 | C14: Mariée | D14: Primaire | E14: Commerçante | F14: Urbain | G14: 3 | H14: 1 | I14: Non | J14: Non | K14: Non | L14: Non | M14: 37 | N14: 5 | O14: Unique | P14: 23.2 | Q14: 98 | R14: 65 | S14: Négative | T14: Non applicable | U14: Normotendue | V14: Non | W14: =IF(B14="","",IF(B14<=19,"Moins de 20 ans",IF(B14<=29,"20-29 ans",IF(B14<=34,"30-34 ans","35 ans et plus")))) -> 20-29 ans | X14: =IF(H14="","",IF(H14=0,"Nullipare (0)",IF(H14<=2,"1-2 accouchements","3 accouchements et plus"))) -> 1-2 accouchements | Y14: =IF(N14="","",IF(N14<=3,"Moins de 4 CPN",IF(N14<=7,"4 à 7 CPN","8 CPN et plus"))) -> 4 à 7 CPN | Z14: =IF(M14="","",IF(M14<=27,"20-27 SA",IF(M14<=36,"28-36 SA","37 SA et plus"))) -> 37 SA et plus | AA14: =RANK(B14,$B$2:$B$401,1)+(COUNTIF($B$2:$B$401,B14)-1)/2 -> 139.5 | AB14: =IF(AND(H14>=1,OR(I14="Oui",I14="Non")),1,0) -> 1
A15: F014 | B15: 28 | C15: Mariée | D15: Primaire | E15: Commerçante | F15: Urbain | G15: 5 | H15: 4 | I15: Non | J15: Non | K15: Non | L15: Non | M15: 35 | N15: 8 | O15: Unique | P15: 20.5 | Q15: 144 | R15: 95 | S15: Négative | T15: Non applicable | U15: HTA gestationnelle | V15: Non | W15: =IF(B15="","",IF(B15<=19,"Moins de 20 ans",IF(B15<=29,"20-29 ans",IF(B15<=34,"30-34 ans","35 ans et plus")))) -> 20-29 ans | X15: =IF(H15="","",IF(H15=0,"Nullipare (0)",IF(H15<=2,"1-2 accouchements","3 accouchements et plus"))) -> 3 accouchements et plus | Y15: =IF(N15="","",IF(N15<=3,"Moins de 4 CPN",IF(N15<=7,"4 à 7 CPN","8 CPN et plus"))) -> 8 CPN et plus | Z15: =IF(M15="","",IF(M15<=27,"20-27 SA",IF(M15<=36,"28-36 SA","37 SA et plus"))) -> 28-36 SA | AA15: =RANK(B15,$B$2:$B$401,1)+(COUNTIF($B$2:$B$401,B15)-1)/2 -> 276 | AB15: =IF(AND(H15>=1,OR(I15="Oui",I15="Non")),1,0) -> 1
A16: F015 | B16: 27 | C16: Union libre | D16: Supérieur | E16: Ménagère | F16: Rural | G16: 4 | H16: 3 | I16: Non | J16: Non | K16: Non | L16: Non | M16: 29 | N16: 1 | O16: Unique | P16: 20.8 | Q16: 138 | R16: 98 | S16: 2+ | T16: Non | U16: Prééclampsie | V16: Oui | W16: =IF(B16="","",IF(B16<=19,"Moins de 20 ans",IF(B16<=29,"20-29 ans",IF(B16<=34,"30-34 ans","35 ans et plus")))) -> 20-29 ans | X16: =IF(H16="","",IF(H16=0,"Nullipare (0)",IF(H16<=2,"1-2 accouchements","3 accouchements et plus"))) -> 3 accouchements et plus | Y16: =IF(N16="","",IF(N16<=3,"Moins de 4 CPN",IF(N16<=7,"4 à 7 CPN","8 CPN et plus"))) -> Moins de 4 CPN | Z16: =IF(M16="","",IF(M16<=27,"20-27 SA",IF(M16<=36,"28-36 SA","37 SA et plus"))) -> 28-36 SA | AA16: =RANK(B16,$B$2:$B$401,1)+(COUNTIF($B$2:$B$401,B16)-1)/2 -> 243 | AB16: =IF(AND(H16>=1,OR(I16="Oui",I16="Non")),1,0) -> 1
A17: F016 | B17: 29 | C17: Mariée | D17: Supérieur | E17: Agricultrice | F17: Rural | G17: 3 | H17: 2 | I17: Non | J17: Non | K17: Non | L17: Non | M17: 39 | N17: 3 | O17: Unique | P17: 19.4 | Q17: 112 | R17: 75 | S17: Négative | T17: Non applicable | U17: Normotendue | V17: Non | W17: =IF(B17="","",IF(B17<=19,"Moins de 20 ans",IF(B17<=29,"20-29 ans",IF(B17<=34,"30-34 ans","35 ans et plus")))) -> 20-29 ans | X17: =IF(H17="","",IF(H17=0,"Nullipare (0)",IF(H17<=2,"1-2 accouchements","3 accouchements et plus"))) -> 1-2 accouchements | Y17: =IF(N17="","",IF(N17<=3,"Moins de 4 CPN",IF(N17<=7,"4 à 7 CPN","8 CPN et plus"))) -> Moins de 4 CPN | Z17: =IF(M17="","",IF(M17<=27,"20-27 SA",IF(M17<=36,"28-36 SA","37 SA et plus"))) -> 37 SA et plus | AA17: =RANK(B17,$B$2:$B$401,1)+(COUNTIF($B$2:$B$401,B17)-1)/2 -> 299 | AB17: =IF(AND(H17>=1,OR(I17="Oui",I17="Non")),1,0) -> 1
A18: F017 | B18: 31 | C18: Mariée | D18: Primaire | E18: Commerçante | F18: Urbain | G18: 7 | H18: 5 | I18: Oui | J18: Non | K18: Non | L18: Non | M18: 28 | N18: 3 | O18: Unique | P18: 25.1 | Q18: 104 | R18: 66 | S18: Négative | T18: Non applicable | U18: Normotendue | V18: Non | W18: =IF(B18="","",IF(B18<=19,"Moins de 20 ans",IF(B18<=29,"20-29 ans",IF(B18<=34,"30-34 ans","35 ans et plus")))) -> 30-34 ans | X18: =IF(H18="","",IF(H18=0,"Nullipare (0)",IF(H18<=2,"1-2 accouchements","3 accouchements et plus"))) -> 3 accouchements et plus | Y18: =IF(N18="","",IF(N18<=3,"Moins de 4 CPN",IF(N18<=7,"4 à 7 CPN","8 CPN et plus"))) -> Moins de 4 CPN | Z18: =IF(M18="","",IF(M18<=27,"20-27 SA",IF(M18<=36,"28-36 SA","37 SA et plus"))) -> 28-36 SA | AA18: =RANK(B18,$B$2:$B$401,1)+(COUNTIF($B$2:$B$401,B18)-1)/2 -> 334.5 | AB18: =IF(AND(H18>=1,OR(I18="Oui",I18="Non")),1,0) -> 1
A19: F018 | B19: 26 | C19: Mariée | D19: Primaire | E19: Agricultrice | F19: Rural | G19: 4 | H19: 3 | I19: Oui | J19: Non | K19: Non | L19: Non | M19: 37 | N19: 6 | O19: Unique | P19: 25.1 | Q19: 151 | R19: 91 | S19: Négative | T19: Oui | U19: Prééclampsie | V19: Oui | W19: =IF(B19="","",IF(B19<=19,"Moins de 20 ans",IF(B19<=29,"20-29 ans",IF(B19<=34,"30-34 ans","35 ans et plus")))) -> 20-29 ans | X19: =IF(H19="","",IF(H19=0,"Nullipare (0)",IF(H19<=2,"1-2 accouchements","3 accouchements et plus"))) -> 3 accouchements et plus | Y19: =IF(N19="","",IF(N19<=3,"Moins de 4 CPN",IF(N19<=7,"4 à 7 CPN","8 CPN et plus"))) -> 4 à 7 CPN | Z19: =IF(M19="","",IF(M19<=27,"20-27 SA",IF(M19<=36,"28-36 SA","37 SA et plus"))) -> 37 SA et plus | AA19: =RANK(B19,$B$2:$B$401,1)+(COUNTIF($B$2:$B$401,B19)-1)/2 -> 206 | AB19: =IF(AND(H19>=1,OR(I19="Oui",I19="Non")),1,0) -> 1
A20: F019 | B20: 27 | C20: Mariée | D20: Supérieur | E20: Commerçante | F20: Rural | G20: 4 | H20: 3 | I20: Non | J20: Non | K20: Non | L20: Non | M20: 30 | N20: 2 | O20: Unique | P20: 28.3 | Q20: 119 | R20: 71 | S20: Négative | T20: Non applicable | U20: Normotendue | V20: Non | W20: =IF(B20="","",IF(B20<=19,"Moins de 20 ans",IF(B20<=29,"20-29 ans",IF(B20<=34,"30-34 ans","35 ans et plus")))) -> 20-29 ans | X20: =IF(H20="","",IF(H20=0,"Nullipare (0)",IF(H20<=2,"1-2 accouchements","3 accouchements et plus"))) -> 3 accouchements et plus | Y20: =IF(N20="","",IF(N20<=3,"Moins de 4 CPN",IF(N20<=7,"4 à 7 CPN","8 CPN et plus"))) -> Moins de 4 CPN | Z20: =IF(M20="","",IF(M20<=27,"20-27 SA",IF(M20<=36,"28-36 SA","37 SA et plus"))) -> 28-36 SA | AA20: =RANK(B20,$B$2:$B$401,1)+(COUNTIF($B$2:$B$401,B20)-1)/2 -> 243 | AB20: =IF(AND(H20>=1,OR(I20="Oui",I20="Non")),1,0) -> 1
A21: F020 | B21: 23 | C21: Mariée | D21: Aucun | E21: Ménagère | F21: Rural | G21: 2 | H21: 1 | I21: Non | J21: Non | K21: Non | L21: Non | M21: 35 | N21: 4 | O21: Unique | P21: 21.6 | Q21: 104 | R21: 69 | S21: Négative | T21: Non applicable | U21: Normotendue | V21: Non | W21: =IF(B21="","",IF(B21<=19,"Moins de 20 ans",IF(B21<=29,"20-29 ans",IF(B21<=34,"30-34 ans","35 ans et plus")))) -> 20-29 ans | X21: =IF(H21="","",IF(H21=0,"Nullipare (0)",IF(H21<=2,"1-2 accouchements","3 accouchements et plus"))) -> 1-2 accouchements | Y21: =IF(N21="","",IF(N21<=3,"Moins de 4 CPN",IF(N21<=7,"4 à 7 CPN","8 CPN et plus"))) -> 4 à 7 CPN | Z21: =IF(M21="","",IF(M21<=27,"20-27 SA",IF(M21<=36,"28-36 SA","37 SA et plus"))) -> 28-36 SA | AA21: =RANK(B21,$B$2:$B$401,1)+(COUNTIF($B$2:$B$401,B21)-1)/2 -> 103.5 | AB21: =IF(AND(H21>=1,OR(I21="Oui",I21="Non")),1,0) -> 1
A22: F021 | B22: 27 | C22: Mariée | D22: Secondaire | E22: Artisane | F22: Urbain | G22: 3 | H22: 1 | I22: Non | J22: Non | K22: Oui | L22: Non | M22: 39 | N22: 4 | O22: Unique | P22: 27.3 | Q22: 104 | R22: 65 | S22: Traces | T22: Non applicable | U22: Normotendue | V22: Non | W22: =IF(B22="","",IF(B22<=19,"Moins de 20 ans",IF(B22<=29,"20-29 ans",IF(B22<=34,"30-34 ans","35 ans et plus")))) -> 20-29 ans | X22: =IF(H22="","",IF(H22=0,"Nullipare (0)",IF(H22<=2,"1-2 accouchements","3 accouchements et plus"))) -> 1-2 accouchements | Y22: =IF(N22="","",IF(N22<=3,"Moins de 4 CPN",IF(N22<=7,"4 à 7 CPN","8 CPN et plus"))) -> 4 à 7 CPN | Z22: =IF(M22="","",IF(M22<=27,"20-27 SA",IF(M22<=36,"28-36 SA","37 SA et plus"))) -> 37 SA et plus | AA22: =RANK(B22,$B$2:$B$401,1)+(COUNTIF($B$2:$B$401,B22)-1)/2 -> 243 | AB22: =IF(AND(H22>=1,OR(I22="Oui",I22="Non")),1,0) -> 1
... A28: F027 | B28: 21 | C28: Mariée | D28: Primaire | E28: Agricultrice | F28: Rural | G28: 3 | H28: 2 | I28: Non | J28: Oui | K28: Non | L28: Non | M28: 30 | N28: 3 | O28: Unique | P28: 26.5 | Q28: 150 | R28: 91 | S28: Négative | T28: Non applicable | U28: HTA chronique seule | V28: Non | W28: =IF(B28="","",IF(B28<=19,"Moins de 20 ans",IF(B28<=29,"20-29 ans",IF(B28<=34,"30-34 ans","35 ans et plus")))) -> 20-29 ans | X28: =IF(H28="","",IF(H28=0,"Nullipare (0)",IF(H28<=2,"1-2 accouchements","3 accouchements et plus"))) -> 1-2 accouchements | Y28: =IF(N28="","",IF(N28<=3,"Moins de 4 CPN",IF(N28<=7,"4 à 7 CPN","8 CPN et plus"))) -> Moins de 4 CPN | Z28: =IF(M28="","",IF(M28<=27,"20-27 SA",IF(M28<=36,"28-36 SA","37 SA et plus"))) -> 28-36 SA | AA28: =RANK(B28,$B$2:$B$401,1)+(COUNTIF($B$2:$B$401,B28)-1)/2 -> 48 | AB28: =IF(AND(H28>=1,OR(I28="Oui",I28="Non")),1,0) -> 1
A29: F028 | B29: 22 | C29: Union libre | D29: Primaire | E29: Agricultrice | F29: Rural | G29: 2 | H29: 1 | J29: Non | K29: Non | L29: Non | M29: 36 | N29: 1 | O29: Unique | P29: 23.1 | Q29: 104 | R29: 59 | S29: Négative | T29: Non applicable | U29: Normotendue | V29: Non | W29: =IF(B29="","",IF(B29<=19,"Moins de 20 ans",IF(B29<=29,"20-29 ans",IF(B29<=34,"30-34 ans","35 ans et plus")))) -> 20-29 ans | X29: =IF(H29="","",IF(H29=0,"Nullipare (0)",IF(H29<=2,"1-2 accouchements","3 accouchements et plus"))) -> 1-2 accouchements | Y29: =IF(N29="","",IF(N29<=3,"Moins de 4 CPN",IF(N29<=7,"4 à 7 CPN","8 CPN et plus"))) -> Moins de 4 CPN | Z29: =IF(M29="","",IF(M29<=27,"20-27 SA",IF(M29<=36,"28-36 SA","37 SA et plus"))) -> 28-36 SA | AA29: =RANK(B29,$B$2:$B$401,1)+(COUNTIF($B$2:$B$401,B29)-1)/2 -> 70 | AB29: =IF(AND(H29>=1,OR(I29="Oui",I29="Non")),1,0) -> 0
A30: F029 | B30: 27 | C30: Union libre | D30: Aucun | E30: Commerçante | F30: Urbain | G30: 4 | H30: 2 | I30: Non | J30: Non | K30: Oui | L30: Non | M30: 39 | N30: 5 | O30: Unique | P30: 30.6 | Q30: 115 | R30: 74 | S30: Négative | T30: Non applicable | U30: Normotendue | V30: Non | W30: =IF(B30="","",IF(B30<=19,"Moins de 20 ans",IF(B30<=29,"20-29 ans",IF(B30<=34,"30-34 ans","35 ans et plus")))) -> 20-29 ans | X30: =IF(H30="","",IF(H30=0,"Nullipare (0)",IF(H30<=2,"1-2 accouchements","3 accouchements et plus"))) -> 1-2 accouchements | Y30: =IF(N30="","",IF(N30<=3,"Moins de 4 CPN",IF(N30<=7,"4 à 7 CPN","8 CPN et plus"))) -> 4 à 7 CPN | Z30: =IF(M30="","",IF(M30<=27,"20-27 SA",IF(M30<=36,"28-36 SA","37 SA et plus"))) -> 37 SA et plus | AA30: =RANK(B30,$B$2:$B$401,1)+(COUNTIF($B$2:$B$401,B30)-1)/2 -> 243 | AB30: =IF(AND(H30>=1,OR(I30="Oui",I30="Non")),1,0) -> 1
A31: F030 | B31: 26 | C31: Union libre | D31: Secondaire | E31: Ménagère | F31: Rural | G31: 1 | H31: 0 | I31: Non applicable | J31: Non | K31: Non | L31: Non | M31: 30 | N31: 1 | O31: Unique | P31: 21.7 | Q31: 119 | R31: 80 | S31: Négative | T31: Non applicable | U31: Normotendue | V31: Non | W31: =IF(B31="","",IF(B31<=19,"Moins de 20 ans",IF(B31<=29,"20-29 ans",IF(B31<=34,"30-34 ans","35 ans et plus")))) -> 20-29 ans | X31: =IF(H31="","",IF(H31=0,"Nullipare (0)",IF(H31<=2,"1-2 accouchements","3 accouchements et plus"))) -> Nullipare (0) | Y31: =IF(N31="","",IF(N31<=3,"Moins de 4 CPN",IF(N31<=7,"4 à 7 CPN","8 CPN et plus"))) -> Moins de 4 CPN | Z31: =IF(M31="","",IF(M31<=27,"20-27 SA",IF(M31<=36,"28-36 SA","37 SA et plus"))) -> 28-36 SA | AA31: =RANK(B31,$B$2:$B$401,1)+(COUNTIF($B$2:$B$401,B31)-1)/2 -> 206 | AB31: =IF(AND(H31>=1,OR(I31="Oui",I31="Non")),1,0) -> 0
A32: F031 | B32: 25 | C32: Mariée | D32: Secondaire | E32: Commerçante | F32: Urbain | G32: 3 | H32: 2 | J32: Non | K32: Non | L32: Non | M32: 39 | N32: 2 | O32: Unique | P32: 29.7 | Q32: 110 | R32: 63 | S32: Traces | T32: Non applicable | U32: Normotendue | V32: Non | W32: =IF(B32="","",IF(B32<=19,"Moins de 20 ans",IF(B32<=29,"20-29 ans",IF(B32<=34,"30-34 ans","35 ans et plus")))) -> 20-29 ans | X32: =IF(H32="","",IF(H32=0,"Nullipare (0)",IF(H32<=2,"1-2 accouchements","3 accouchements et plus"))) -> 1-2 accouchements | Y32: =IF(N32="","",IF(N32<=3,"Moins de 4 CPN",IF(N32<=7,"4 à 7 CPN","8 CPN et plus"))) -> Moins de 4 CPN | Z32: =IF(M32="","",IF(M32<=27,"20-27 SA",IF(M32<=36,"28-36 SA","37 SA et plus"))) -> 37 SA et plus | AA32: =RANK(B32,$B$2:$B$401,1)+(COUNTIF($B$2:$B$401,B32)-1)/2 -> 173 | AB32: =IF(AND(H32>=1,OR(I32="Oui",I32="Non")),1,0) -> 0
A33: F032 | B33: 26 | C33: Mariée | D33: Supérieur | E33: Ménagère | F33: Rural | G33: 5 | H33: 4 | J33: Non | K33: Non | L33: Non | M33: 24 | N33: 2 | O33: Unique | P33: 25.4 | Q33: 121 | R33: 76 | S33: Négative | T33: Non applicable | U33: Normotendue | V33: Non | W33: =IF(B33="","",IF(B33<=19,"Moins de 20 ans",IF(B33<=29,"20-29 ans",IF(B33<=34,"30-34 ans","35 ans et plus")))) -> 20-29 ans | X33: =IF(H33="","",IF(H33=0,"Nullipare (0)",IF(H33<=2,"1-2 accouchements","3 accouchements et plus"))) -> 3 accouchements et plus | Y33: =IF(N33="","",IF(N33<=3,"Moins de 4 CPN",IF(N33<=7,"4 à 7 CPN","8 CPN et plus"))) -> Moins de 4 CPN | Z33: =IF(M33="","",IF(M33<=27,"20-27 SA",IF(M33<=36,"28-36 SA","37 SA et plus"))) -> 20-27 SA | AA33: =RANK(B33,$B$2:$B$401,1)+(COUNTIF($B$2:$B$401,B33)-1)/2 -> 206 | AB33: =IF(AND(H33>=1,OR(I33="Oui",I33="Non")),1,0) -> 0
A34: F033 | B34: 25 | C34: Mariée | D34: Primaire | E34: Commerçante | F34: Urbain | G34: 3 | H34: 2 | I34: Non | J34: Non | K34: Non | L34: Non | M34: 38 | N34: 1 | O34: Unique | P34: 27.6 | Q34: 119 | R34: 80 | S34: Négative | T34: Non applicable | U34: Normotendue | V34: Non | W34: =IF(B34="","",IF(B34<=19,"Moins de 20 ans",IF(B34<=29,"20-29 ans",IF(B34<=34,"30-34 ans","35 ans et plus")))) -> 20-29 ans | X34: =IF(H34="","",IF(H34=0,"Nullipare (0)",IF(H34<=2,"1-2 accouchements","3 accouchements et plus"))) -> 1-2 accouchements | Y34: =IF(N34="","",IF(N34<=3,"Moins de 4 CPN",IF(N34<=7,"4 à 7 CPN","8 CPN et plus"))) -> Moins de 4 CPN | Z34: =IF(M34="","",IF(M34<=27,"20-27 SA",IF(M34<=36,"28-36 SA","37 SA et plus"))) -> 37 SA et plus | AA34: =RANK(B34,$B$2:$B$401,1)+(COUNTIF($B$2:$B$401,B34)-1)/2 -> 173 | AB34: =IF(AND(H34>=1,OR(I34="Oui",I34="Non")),1,0) -> 1
A35: F034 | B35: 33 | C35: Mariée | D35: Secondaire | E35: Ménagère | F35: Rural | G35: 3 | H35: 2 | J35: Oui | K35: Non | L35: Non | M35: 34 | N35: 3 | O35: Unique | P35: 30.6 | Q35: 158 | R35: 98 | S35: Négative | T35: Non applicable | U35: HTA chronique seule | V35: Non | W35: =IF(B35="","",IF(B35<=19,"Moins de 20 ans",IF(B35<=29,"20-29 ans",IF(B35<=34,"30-34 ans","35 ans et plus")))) -> 30-34 ans | X35: =IF(H35="","",IF(H35=0,"Nullipare (0)",IF(H35<=2,"1-2 accouchements","3 accouchements et plus"))) -> 1-2 accouchements | Y35: =IF(N35="","",IF(N35<=3,"Moins de 4 CPN",IF(N35<=7,"4 à 7 CPN","8 CPN et plus"))) -> Moins de 4 CPN | Z35: =IF(M35="","",IF(M35<=27,"20-27 SA",IF(M35<=36,"28-36 SA","37 SA et plus"))) -> 28-36 SA | AA35: =RANK(B35,$B$2:$B$401,1)+(COUNTIF($B$2:$B$401,B35)-1)/2 -> 361.5 | AB35: =IF(AND(H35>=1,OR(I35="Oui",I35="Non")),1,0) -> 0
A36: F035 | B36: 23 | C36: Mariée | D36: Primaire | E36: Agricultrice | F36: Rural | G36: 2 | H36: 1 | I36: Non | J36: Non | K36: Non | L36: Non | M36: 37 | N36: 0 | O36: Unique | P36: 16.7 | Q36: 131 | R36: 74 | S36: Négative | T36: Non applicable | U36: Normotendue | V36: Non | W36: =IF(B36="","",IF(B36<=19,"Moins de 20 ans",IF(B36<=29,"20-29 ans",IF(B36<=34,"30-34 ans","35 ans et plus")))) -> 20-29 ans | X36: =IF(H36="","",IF(H36=0,"Nullipare (0)",IF(H36<=2,"1-2 accouchements","3 accouchements et plus"))) -> 1-2 accouchements | Y36: =IF(N36="","",IF(N36<=3,"Moins de 4 CPN",IF(N36<=7,"4 à 7 CPN","8 CPN et plus"))) -> Moins de 4 CPN | Z36: =IF(M36="","",IF(M36<=27,"20-27 SA",IF(M36<=36,"28-36 SA","37 SA et plus"))) -> 37 SA et plus | AA36: =RANK(B36,$B$2:$B$401,1)+(COUNTIF($B$2:$B$401,B36)-1)/2 -> 103.5 | AB36: =IF(AND(H36>=1,OR(I36="Oui",I36="Non")),1,0) -> 1
A37: F036 | B37: 25 | C37: Mariée | D37: Primaire | E37: Commerçante | F37: Rural | G37: 3 | H37: 1 | I37: Non | J37: Non | K37: Oui | L37: Non | M37: 35 | N37: 5 | O37: Unique | P37: 28.1 | Q37: 128 | R37: 73 | S37: Négative | T37: Non applicable | U37: Normotendue | V37: Non | W37: =IF(B37="","",IF(B37<=19,"Moins de 20 ans",IF(B37<=29,"20-29 ans",IF(B37<=34,"30-34 ans","35 ans et plus")))) -> 20-29 ans | X37: =IF(H37="","",IF(H37=0,"Nullipare (0)",IF(H37<=2,"1-2 accouchements","3 accouchements et plus"))) -> 1-2 accouchements | Y37: =IF(N37="","",IF(N37<=3,"Moins de 4 CPN",IF(N37<=7,"4 à 7 CPN","8 CPN et plus"))) -> 4 à 7 CPN | Z37: =IF(M37="","",IF(M37<=27,"20-27 SA",IF(M37<=36,"28-36 SA","37 SA et plus"))) -> 28-36 SA | AA37: =RANK(B37,$B$2:$B$401,1)+(COUNTIF($B$2:$B$401,B37)-1)/2 -> 173 | AB37: =IF(AND(H37>=1,OR(I37="Oui",I37="Non")),1,0) -> 1
A38: F037 | B38: 21 | C38: Célibataire | D38: Primaire | E38: Ménagère | F38: Rural | G38: 3 | H38: 2 | I38: Non | J38: Oui | K38: Non | L38: Non | M38: 30 | N38: 5 | O38: Unique | P38: 23.5 | Q38: 158 | R38: 100 | S38: Négative | T38: Non applicable | U38: HTA chronique seule | V38: Non | W38: =IF(B38="","",IF(B38<=19,"Moins de 20 ans",IF(B38<=29,"20-29 ans",IF(B38<=34,"30-34 ans","35 ans et plus")))) -> 20-29 ans | X38: =IF(H38="","",IF(H38=0,"Nullipare (0)",IF(H38<=2,"1-2 accouchements","3 accouchements et plus"))) -> 1-2 accouchements | Y38: =IF(N38="","",IF(N38<=3,"Moins de 4 CPN",IF(N38<=7,"4 à 7 CPN","8 CPN et plus"))) -> 4 à 7 CPN | Z38: =IF(M38="","",IF(M38<=27,"20-27 SA",IF(M38<=36,"28-36 SA","37 SA et plus"))) -> 28-36 SA | AA38: =RANK(B38,$B$2:$B$401,1)+(COUNTIF($B$2:$B$401,B38)-1)/2 -> 48 | AB38: =IF(AND(H38>=1,OR(I38="Oui",I38="Non")),1,0) -> 1
A39: F038 | B39: 28 | C39: Mariée | D39: Primaire | E39: Commerçante | F39: Urbain | G39: 4 | H39: 3 | I39: Non | J39: Non | K39: Non | L39: Non | M39: 30 | N39: 2 | O39: Unique | P39: 23 | Q39: 100 | R39: 61 | S39: Négative | T39: Non applicable | U39: Normotendue | V39: Non | W39: =IF(B39="","",IF(B39<=19,"Moins de 20 ans",IF(B39<=29,"20-29 ans",IF(B39<=34,"30-34 ans","35 ans et plus")))) -> 20-29 ans | X39: =IF(H39="","",IF(H39=0,"Nullipare (0)",IF(H39<=2,"1-2 accouchements","3 accouchements et plus"))) -> 3 accouchements et plus | Y39: =IF(N39="","",IF(N39<=3,"Moins de 4 CPN",IF(N39<=7,"4 à 7 CPN","8 CPN et plus"))) -> Moins de 4 CPN | Z39: =IF(M39="","",IF(M39<=27,"20-27 SA",IF(M39<=36,"28-36 SA","37 SA et plus"))) -> 28-36 SA | AA39: =RANK(B39,$B$2:$B$401,1)+(COUNTIF($B$2:$B$401,B39)-1)/2 -> 276 | AB39: =IF(AND(H39>=1,OR(I39="Oui",I39="Non")),1,0) -> 1
A40: F039 | B40: 22 | C40: Union libre | D40: Primaire | E40: Commerçante | F40: Urbain | G40: 1 | H40: 0 | I40: Non applicable | J40: Non | L40: Non | M40: 36 | N40: 2 | O40: Unique | P40: 22.5 | Q40: 117 | R40: 83 | S40: Négative | T40: Non applicable | U40: Normotendue | V40: Non | W40: =IF(B40="","",IF(B40<=19,"Moins de 20 ans",IF(B40<=29,"20-29 ans",IF(B40<=34,"30-34 ans","35 ans et plus")))) -> 20-29 ans | X40: =IF(H40="","",IF(H40=0,"Nullipare (0)",IF(H40<=2,"1-2 accouchements","3 accouchements et plus"))) -> Nullipare (0) | Y40: =IF(N40="","",IF(N40<=3,"Moins de 4 CPN",IF(N40<=7,"4 à 7 CPN","8 CPN et plus"))) -> Moins de 4 CPN | Z40: =IF(M40="","",IF(M40<=27,"20-27 SA",IF(M40<=36,"28-36 SA","37 SA et plus"))) -> 28-36 SA | AA40: =RANK(B40,$B$2:$B$401,1)+(COUNTIF($B$2:$B$401,B40)-1)/2 -> 70 | AB40: =IF(AND(H40>=1,OR(I40="Oui",I40="Non")),1,0) -> 0
A41: F040 | B41: 26 | C41: Célibataire | D41: Supérieur | E41: Élève/Étudiante | F41: Urbain | G41: 2 | H41: 0 | I41: Non applicable | J41: Non | K41: Non | L41: Non | M41: 39 | N41: 4 | O41: Multiple | P41: 21.4 | Q41: 108 | R41: 67 | S41: Négative | T41: Non applicable | U41: Normotendue | V41: Non | W41: =IF(B41="","",IF(B41<=19,"Moins de 20 ans",IF(B41<=29,"20-29 ans",IF(B41<=34,"30-34 ans","35 ans et plus")))) -> 20-29 ans | X41: =IF(H41="","",IF(H41=0,"Nullipare (0)",IF(H41<=2,"1-2 accouchements","3 accouchements et plus"))) -> Nullipare (0) | Y41: =IF(N41="","",IF(N41<=3,"Moins de 4 CPN",IF(N41<=7,"4 à 7 CPN","8 CPN et plus"))) -> 4 à 7 CPN | Z41: =IF(M41="","",IF(M41<=27,"20-27 SA",IF(M41<=36,"28-36 SA","37 SA et plus"))) -> 37 SA et plus | AA41: =RANK(B41,$B$2:$B$401,1)+(COUNTIF($B$2:$B$401,B41)-1)/2 -> 206 | AB41: =IF(AND(H41>=1,OR(I41="Oui",I41="Non")),1,0) -> 0
A42: F041 | B42: 26 | C42: Union libre | D42: Secondaire | E42: Commerçante | F42: Urbain | G42: 5 | H42: 4 | I42: Non | J42: Non | K42: Non | L42: Non | M42: 30 | N42: 3 | O42: Unique | P42: 25.9 | Q42: 105 | R42: 60 | S42: Négative | T42: Non applicable | U42: Normotendue | V42: Non | W42: =IF(B42="","",IF(B42<=19,"Moins de 20 ans",IF(B42<=29,"20-29 ans",IF(B42<=34,"30-34 ans","35 ans et plus")))) -> 20-29 ans | X42: =IF(H42="","",IF(H42=0,"Nullipare (0)",IF(H42<=2,"1-2 accouchements","3 accouchements et plus"))) -> 3 accouchements et plus | Y42: =IF(N42="","",IF(N42<=3,"Moins de 4 CPN",IF(N42<=7,"4 à 7 CPN","8 CPN et plus"))) -> Moins de 4 CPN | Z42: =IF(M42="","",IF(M42<=27,"20-27 SA",IF(M42<=36,"28-36 SA","37 SA et plus"))) -> 28-36 SA | AA42: =RANK(B42,$B$2:$B$401,1)+(COUNTIF($B$2:$B$401,B42)-1)/2 -> 206 | AB42: =IF(AND(H42>=1,OR(I42="Oui",I42="Non")),1,0) -> 1
A43: F042 | B43: 23 | C43: Union libre | D43: Secondaire | E43: Artisane | F43: Urbain | G43: 1 | H43: 0 | I43: Non applicable | J43: Non | K43: Non | L43: Non | M43: 29 | N43: 2 | O43: Unique | P43: 20.7 | Q43: 148 | R43: 89 | S43: 2+ | T43: Non | U43: Prééclampsie | V43: Oui | W43: =IF(B43="","",IF(B43<=19,"Moins de 20 ans",IF(B43<=29,"20-29 ans",IF(B43<=34,"30-34 ans","35 ans et plus")))) -> 20-29 ans | X43: =IF(H43="","",IF(H43=0,"Nullipare (0)",IF(H43<=2,"1-2 accouchements","3 accouchements et plus"))) -> Nullipare (0) | Y43: =IF(N43="","",IF(N43<=3,"Moins de 4 CPN",IF(N43<=7,"4 à 7 CPN","8 CPN et plus"))) -> Moins de 4 CPN | Z43: =IF(M43="","",IF(M43<=27,"20-27 SA",IF(M43<=36,"28-36 SA","37 SA et plus"))) -> 28-36 SA | AA43: =RANK(B43,$B$2:$B$401,1)+(COUNTIF($B$2:$B$401,B43)-1)/2 -> 103.5 | AB43: =IF(AND(H43>=1,OR(I43="Oui",I43="Non")),1,0) -> 0
A44: F043 | B44: 23 | C44: Mariée | D44: Primaire | E44: Commerçante | F44: Urbain | G44: 4 | H44: 2 | I44: Non | J44: Non | K44: Oui | L44: Non | M44: 34 | N44: 4 | O44: Unique | P44: 32.8 | Q44: 160 | R44: 102 | S44: 1+ | T44: Oui | U44: Prééclampsie | V44: Oui | W44: =IF(B44="","",IF(B44<=19,"Moins de 20 ans",IF(B44<=29,"20-29 ans",IF(B44<=34,"30-34 ans","35 ans et plus")))) -> 20-29 ans | X44: =IF(H44="","",IF(H44=0,"Nullipare (0)",IF(H44<=2,"1-2 accouchements","3 accouchements et plus"))) -> 1-2 accouchements | Y44: =IF(N44="","",IF(N44<=3,"Moins de 4 CPN",IF(N44<=7,"4 à 7 CPN","8 CPN et plus"))) -> 4 à 7 CPN | Z44: =IF(M44="","",IF(M44<=27,"20-27 SA",IF(M44<=36,"28-36 SA","37 SA et plus"))) -> 28-36 SA | AA44: =RANK(B44,$B$2:$B$401,1)+(COUNTIF($B$2:$B$401,B44)-1)/2 -> 103.5 | AB44: =IF(AND(H44>=1,OR(I44="Oui",I44="Non")),1,0) -> 1
A45: F044 | B45: 20 | C45: Célibataire | D45: Aucun | E45: Ménagère | F45: Urbain | G45: 1 | H45: 0 | I45: Non applicable | J45: Non | K45: Non | L45: Non | M45: 37 | N45: 7 | O45: Unique | P45: 23.1 | Q45: 117 | R45: 78 | S45: 1+ | T45: Non applicable | U45: Normotendue | V45: Non | W45: =IF(B45="","",IF(B45<=19,"Moins de 20 ans",IF(B45<=29,"20-29 ans",IF(B45<=34,"30-34 ans","35 ans et plus")))) -> 20-29 ans | X45: =IF(H45="","",IF(H45=0,"Nullipare (0)",IF(H45<=2,"1-2 accouchements","3 accouchements et plus"))) -> Nullipare (0) | Y45: =IF(N45="","",IF(N45<=3,"Moins de 4 CPN",IF(N45<=7,"4 à 7 CPN","8 CPN et plus"))) -> 4 à 7 CPN | Z45: =IF(M45="","",IF(M45<=27,"20-27 SA",IF(M45<=36,"28-36 SA","37 SA et plus"))) -> 37 SA et plus | AA45: =RANK(B45,$B$2:$B$401,1)+(COUNTIF($B$2:$B$401,B45)-1)/2 -> 30.5 | AB45: =IF(AND(H45>=1,OR(I45="Oui",I45="Non")),1,0) -> 0
A46: F045 | B46: 25 | C46: Mariée | D46: Aucun | E46: Commerçante | F46: Urbain | G46: 1 | H46: 0 | I46: Non applicable | J46: Non | K46: Non | L46: Non | M46: 33 | N46: 3 | O46: Unique | P46: 25.6 | Q46: 121 | R46: 69 | S46: Négative | T46: Non applicable | U46: Normotendue | V46: Non | W46: =IF(B46="","",IF(B46<=19,"Moins de 20 ans",IF(B46<=29,"20-29 ans",IF(B46<=34,"30-34 ans","35 ans et plus")))) -> 20-29 ans | X46: =IF(H46="","",IF(H46=0,"Nullipare (0)",IF(H46<=2,"1-2 accouchements","3 accouchements et plus"))) -> Nullipare (0) | Y46: =IF(N46="","",IF(N46<=3,"Moins de 4 CPN",IF(N46<=7,"4 à 7 CPN","8 CPN et plus"))) -> Moins de 4 CPN | Z46: =IF(M46="","",IF(M46<=27,"20-27 SA",IF(M46<=36,"28-36 SA","37 SA et plus"))) -> 28-36 SA | AA46: =RANK(B46,$B$2:$B$401,1)+(COUNTIF($B$2:$B$401,B46)-1)/2 -> 173 | AB46: =IF(AND(H46>=1,OR(I46="Oui",I46="Non")),1,0) -> 0
A47: F046 | B47: 23 | C47: Mariée | D47: Supérieur | E47: Salariée | F47: Urbain | G47: 1 | H47: 0 | I47: Non applicable | J47: Non | K47: Oui | L47: Non | M47: 38 | N47: 6 | O47: Unique | P47: 24.2 | Q47: 113 | R47: 64 | S47: Négative | T47: Non applicable | U47: Normotendue | V47: Non | W47: =IF(B47="","",IF(B47<=19,"Moins de 20 ans",IF(B47<=29,"20-29 ans",IF(B47<=34,"30-34 ans","35 ans et plus")))) -> 20-29 ans | X47: =IF(H47="","",IF(H47=0,"Nullipare (0)",IF(H47<=2,"1-2 accouchements","3 accouchements et plus"))) -> Nullipare (0) | Y47: =IF(N47="","",IF(N47<=3,"Moins de 4 CPN",IF(N47<=7,"4 à 7 CPN","8 CPN et plus"))) -> 4 à 7 CPN | Z47: =IF(M47="","",IF(M47<=27,"20-27 SA",IF(M47<=36,"28-36 SA","37 SA et plus"))) -> 37 SA et plus | AA47: =RANK(B47,$B$2:$B$401,1)+(COUNTIF($B$2:$B$401,B47)-1)/2 -> 103.5 | AB47: =IF(AND(H47>=1,OR(I47="Oui",I47="Non")),1,0) -> 0
A48: F047 | B48: 26 | C48: Mariée | D48: Secondaire | F48: Urbain | G48: 5 | H48: 4 | I48: Non | J48: Oui | K48: Oui | L48: Non | M48: 41 | N48: 3 | O48: Unique | P48: 27.2 | Q48: 141 | R48: 94 | S48: Négative | T48: Non applicable | U48: HTA chronique seule | V48: Non | W48: =IF(B48="","",IF(B48<=19,"Moins de 20 ans",IF(B48<=29,"20-29 ans",IF(B48<=34,"30-34 ans","35 ans et plus")))) -> 20-29 ans | X48: =IF(H48="","",IF(H48=0,"Nullipare (0)",IF(H48<=2,"1-2 accouchements","3 accouchements et plus"))) -> 3 accouchements et plus | Y48: =IF(N48="","",IF(N48<=3,"Moins de 4 CPN",IF(N48<=7,"4 à 7 CPN","8 CPN et plus"))) -> Moins de 4 CPN | Z48: =IF(M48="","",IF(M48<=27,"20-27 SA",IF(M48<=36,"28-36 SA","37 SA et plus"))) -> 37 SA et plus | AA48: =RANK(B48,$B$2:$B$401,1)+(COUNTIF($B$2:$B$401,B48)-1)/2 -> 206 | AB48: =IF(AND(H48>=1,OR(I48="Oui",I48="Non")),1,0) -> 1
A49: F048 | B49: 26 | C49: Célibataire | D49: Primaire | E49: Commerçante | F49: Urbain | G49: 2 | H49: 1 | I49: Non | J49: Non | K49: Oui | L49: Non | M49: 37 | N49: 2 | O49: Unique | P49: 23.5 | Q49: 111 | R49: 69 | S49: Négative | T49: Non applicable | U49: Normotendue | V49: Non | W49: =IF(B49="","",IF(B49<=19,"Moins de 20 ans",IF(B49<=29,"20-29 ans",IF(B49<=34,"30-34 ans","35 ans et plus")))) -> 20-29 ans | X49: =IF(H49="","",IF(H49=0,"Nullipare (0)",IF(H49<=2,"1-2 accouchements","3 accouchements et plus"))) -> 1-2 accouchements | Y49: =IF(N49="","",IF(N49<=3,"Moins de 4 CPN",IF(N49<=7,"4 à 7 CPN","8 CPN et plus"))) -> Moins de 4 CPN | Z49: =IF(M49="","",IF(M49<=27,"20-27 SA",IF(M49<=36,"28-36 SA","37 SA et plus"))) -> 37 SA et plus | AA49: =RANK(B49,$B$2:$B$401,1)+(COUNTIF($B$2:$B$401,B49)-1)/2 -> 206 | AB49: =IF(AND(H49>=1,OR(I49="Oui",I49="Non")),1,0) -> 1
A50: F049 | B50: 32 | C50: Mariée | D50: Secondaire | E50: Commerçante | F50: Urbain | G50: 5 | H50: 3 | I50: Non | J50: Non | K50: Non | L50: Non | M50: 36 | N50: 3 | O50: Unique | P50: 26 | Q50: 102 | R50: 62 | S50: Négative | T50: Non applicable | U50: Normotendue | V50: Non | W50: =IF(B50="","",IF(B50<=19,"Moins de 20 ans",IF(B50<=29,"20-29 ans",IF(B50<=34,"30-34 ans","35 ans et plus")))) -> 30-34 ans | X50: =IF(H50="","",IF(H50=0,"Nullipare (0)",IF(H50<=2,"1-2 accouchements","3 accouchements et plus"))) -> 3 accouchements et plus | Y50: =IF(N50="","",IF(N50<=3,"Moins de 4 CPN",IF(N50<=7,"4 à 7 CPN","8 CPN et plus"))) -> Moins de 4 CPN | Z50: =IF(M50="","",IF(M50<=27,"20-27 SA",IF(M50<=36,"28-36 SA","37 SA et plus"))) -> 28-36 SA | AA50: =RANK(B50,$B$2:$B$401,1)+(COUNTIF($B$2:$B$401,B50)-1)/2 -> 347.5 | AB50: =IF(AND(H50>=1,OR(I50="Oui",I50="Non")),1,0) -> 1
A51: F050 | B51: 29 | C51: Célibataire | D51: Secondaire | E51: Élève/Étudiante | F51: Urbain | G51: 2 | H51: 1 | I51: Non | J51: Non | K51: Non | L51: Non | M51: 30 | N51: 2 | O51: Unique | P51: 19.4 | Q51: 134 | R51: 77 | S51: Négative | T51: Non applicable | U51: Normotendue | V51: Non | W51: =IF(B51="","",IF(B51<=19,"Moins de 20 ans",IF(B51<=29,"20-29 ans",IF(B51<=34,"30-34 ans","35 ans et plus")))) -> 20-29 ans | X51: =IF(H51="","",IF(H51=0,"Nullipare (0)",IF(H51<=2,"1-2 accouchements","3 accouchements et plus"))) -> 1-2 accouchements | Y51: =IF(N51="","",IF(N51<=3,"Moins de 4 CPN",IF(N51<=7,"4 à 7 CPN","8 CPN et plus"))) -> Moins de 4 CPN | Z51: =IF(M51="","",IF(M51<=27,"20-27 SA",IF(M51<=36,"28-36 SA","37 SA et plus"))) -> 28-36 SA | AA51: =RANK(B51,$B$2:$B$401,1)+(COUNTIF($B$2:$B$401,B51)-1)/2 -> 299 | AB51: =IF(AND(H51>=1,OR(I51="Oui",I51="Non")),1,0) -> 1
A52: F051 | B52: 23 | C52: Mariée | D52: Supérieur | E52: Agricultrice | F52: Urbain | G52: 5 | H52: 2 | I52: Non | J52: Non | K52: Non | L52: Non | M52: 29 | N52: 5 | O52: Unique | P52: 20.7 | Q52: 107 | R52: 69 | S52: Négative | T52: Non applicable | U52: Normotendue | V52: Non | W52: =IF(B52="","",IF(B52<=19,"Moins de 20 ans",IF(B52<=29,"20-29 ans",IF(B52<=34,"30-34 ans","35 ans et plus")))) -> 20-29 ans | X52: =IF(H52="","",IF(H52=0,"Nullipare (0)",IF(H52<=2,"1-2 accouchements","3 accouchements et plus"))) -> 1-2 accouchements | Y52: =IF(N52="","",IF(N52<=3,"Moins de 4 CPN",IF(N52<=7,"4 à 7 CPN","8 CPN et plus"))) -> 4 à 7 CPN | Z52: =IF(M52="","",IF(M52<=27,"20-27 SA",IF(M52<=36,"28-36 SA","37 SA et plus"))) -> 28-36 SA | AA52: =RANK(B52,$B$2:$B$401,1)+(COUNTIF($B$2:$B$401,B52)-1)/2 -> 103.5 | AB52: =IF(AND(H52>=1,OR(I52="Oui",I52="Non")),1,0) -> 1
A53: F052 | B53: 23 | C53: Union libre | D53: Primaire | E53: Ménagère | F53: Urbain | G53: 1 | H53: 0 | I53: Non applicable | J53: Non | K53: Non | L53: Non | M53: 27 | N53: 5 | O53: Unique | P53: 35.3 | Q53: 147 | R53: 90 | S53: 1+ | T53: Non | U53: Prééclampsie | V53: Oui | W53: =IF(B53="","",IF(B53<=19,"Moins de 20 ans",IF(B53<=29,"20-29 ans",IF(B53<=34,"30-34 ans","35 ans et plus")))) -> 20-29 ans | X53: =IF(H53="","",IF(H53=0,"Nullipare (0)",IF(H53<=2,"1-2 accouchements","3 accouchements et plus"))) -> Nullipare (0) | Y53: =IF(N53="","",IF(N53<=3,"Moins de 4 CPN",IF(N53<=7,"4 à 7 CPN","8 CPN et plus"))) -> 4 à 7 CPN | Z53: =IF(M53="","",IF(M53<=27,"20-27 SA",IF(M53<=36,"28-36 SA","37 SA et plus"))) -> 20-27 SA | AA53: =RANK(B53,$B$2:$B$401,1)+(COUNTIF($B$2:$B$401,B53)-1)/2 -> 103.5 | AB53: =IF(AND(H53>=1,OR(I53="Oui",I53="Non")),1,0) -> 0
A54: F053 | B54: 25 | C54: Union libre | D54: Primaire | E54: Commerçante | F54: Urbain | G54: 3 | H54: 2 | I54: Non | J54: Oui | K54: Oui | L54: Non | M54: 35 | N54: 0 | O54: Unique | P54: 31.8 | Q54: 129 | R54: 89 | S54: Négative | T54: Non applicable | U54: HTA chronique seule | V54: Non | W54: =IF(B54="","",IF(B54<=19,"Moins de 20 ans",IF(B54<=29,"20-29 ans",IF(B54<=34,"30-34 ans","35 ans et plus")))) -> 20-29 ans | X54: =IF(H54="","",IF(H54=0,"Nullipare (0)",IF(H54<=2,"1-2 accouchements","3 accouchements et plus"))) -> 1-2 accouchements | Y54: =IF(N54="","",IF(N54<=3,"Moins de 4 CPN",IF(N54<=7,"4 à 7 CPN","8 CPN et plus"))) -> Moins de 4 CPN | Z54: =IF(M54="","",IF(M54<=27,"20-27 SA",IF(M54<=36,"28-36 SA","37 SA et plus"))) -> 28-36 SA | AA54: =RANK(B54,$B$2:$B$401,1)+(COUNTIF($B$2:$B$401,B54)-1)/2 -> 173 | AB54: =IF(AND(H54>=1,OR(I54="Oui",I54="Non")),1,0) -> 1
A55: F054 | B55: 22 | C55: Mariée | D55: Aucun | E55: Ménagère | F55: Urbain | G55: 3 | H55: 1 | I55: Non | J55: Non | L55: Non | M55: 37 | N55: 5 | O55: Unique | P55: 24.9 | Q55: 105 | R55: 71 | S55: Négative | T55: Non applicable | U55: Normotendue | V55: Non | W55: =IF(B55="","",IF(B55<=19,"Moins de 20 ans",IF(B55<=29,"20-29 ans",IF(B55<=34,"30-34 ans","35 ans et plus")))) -> 20-29 ans | X55: =IF(H55="","",IF(H55=0,"Nullipare (0)",IF(H55<=2,"1-2 accouchements","3 accouchements et plus"))) -> 1-2 accouchements | Y55: =IF(N55="","",IF(N55<=3,"Moins de 4 CPN",IF(N55<=7,"4 à 7 CPN","8 CPN et plus"))) -> 4 à 7 CPN | Z55: =IF(M55="","",IF(M55<=27,"20-27 SA",IF(M55<=36,"28-36 SA","37 SA et plus"))) -> 37 SA et plus | AA55: =RANK(B55,$B$2:$B$401,1)+(COUNTIF($B$2:$B$401,B55)-1)/2 -> 70 | AB55: =IF(AND(H55>=1,OR(I55="Oui",I55="Non")),1,0) -> 1
A56: F055 | B56: 24 | C56: Mariée | D56: Secondaire | E56: Agricultrice | F56: Rural | G56: 4 | H56: 3 | I56: Non | J56: Non | K56: Non | L56: Non | M56: 39 | N56: 1 | O56: Unique | P56: 23.8 | Q56: 118 | R56: 67 | S56: Négative | T56: Non applicable | U56: Normotendue | V56: Non | W56: =IF(B56="","",IF(B56<=19,"Moins de 20 ans",IF(B56<=29,"20-29 ans",IF(B56<=34,"30-34 ans","35 ans et plus")))) -> 20-29 ans | X56: =IF(H56="","",IF(H56=0,"Nullipare (0)",IF(H56<=2,"1-2 accouchements","3 accouchements et plus"))) -> 3 accouchements et plus | Y56: =IF(N56="","",IF(N56<=3,"Moins de 4 CPN",IF(N56<=7,"4 à 7 CPN","8 CPN et plus"))) -> Moins de 4 CPN | Z56: =IF(M56="","",IF(M56<=27,"20-27 SA",IF(M56<=36,"28-36 SA","37 SA et plus"))) -> 37 SA et plus | AA56: =RANK(B56,$B$2:$B$401,1)+(COUNTIF($B$2:$B$401,B56)-1)/2 -> 139.5 | AB56: =IF(AND(H56>=1,OR(I56="Oui",I56="Non")),1,0) -> 1
A57: F056 | B57: 26 | C57: Célibataire | D57: Primaire | E57: Ménagère | F57: Rural | G57: 3 | H57: 2 | I57: Non | J57: Non | K57: Non | L57: Non | M57: 36 | N57: 2 | O57: Unique | P57: 24.8 | Q57: 116 | R57: 69 | S57: Négative | T57: Non applicable | U57: Normotendue | V57: Non | W57: =IF(B57="","",IF(B57<=19,"Moins de 20 ans",IF(B57<=29,"20-29 ans",IF(B57<=34,"30-34 ans","35 ans et plus")))) -> 20-29 ans | X57: =IF(H57="","",IF(H57=0,"Nullipare (0)",IF(H57<=2,"1-2 accouchements","3 accouchements et plus"))) -> 1-2 accouchements | Y57: =IF(N57="","",IF(N57<=3,"Moins de 4 CPN",IF(N57<=7,"4 à 7 CPN","8 CPN et plus"))) -> Moins de 4 CPN | Z57: =IF(M57="","",IF(M57<=27,"20-27 SA",IF(M57<=36,"28-36 SA","37 SA et plus"))) -> 28-36 SA | AA57: =RANK(B57,$B$2:$B$401,1)+(COUNTIF($B$2:$B$401,B57)-1)/2 -> 206 | AB57: =IF(AND(H57>=1,OR(I57="Oui",I57="Non")),1,0) -> 1
A58: F057 | B58: 30 | C58: Mariée | D58: Supérieur | E58: Artisane | F58: Rural | G58: 4 | H58: 2 | I58: Non | J58: Non | K58: Non | L58: Non | M58: 34 | N58: 3 | O58: Unique | P58: 32.9 | Q58: 104 | R58: 63 | S58: Négative | T58: Non applicable | U58: Normotendue | V58: Non | W58: =IF(B58="","",IF(B58<=19,"Moins de 20 ans",IF(B58<=29,"20-29 ans",IF(B58<=34,"30-34 ans","35 ans et plus")))) -> 30-34 ans | X58: =IF(H58="","",IF(H58=0,"Nullipare (0)",IF(H58<=2,"1-2 accouchements","3 accouchements et plus"))) -> 1-2 accouchements | Y58: =IF(N58="","",IF(N58<=3,"Moins de 4 CPN",IF(N58<=7,"4 à 7 CPN","8 CPN et plus"))) -> Moins de 4 CPN | Z58: =IF(M58="","",IF(M58<=27,"20-27 SA",IF(M58<=36,"28-36 SA","37 SA et plus"))) -> 28-36 SA | AA58: =RANK(B58,$B$2:$B$401,1)+(COUNTIF($B$2:$B$401,B58)-1)/2 -> 319.5 | AB58: =IF(AND(H58>=1,OR(I58="Oui",I58="Non")),1,0) -> 1
A59: F058 | B59: 40 | C59: Célibataire | D59: Secondaire | E59: Ménagère | F59: Rural | G59: 6 | H59: 5 | I59: Non | J59: Non | K59: Non | L59: Non | M59: 26 | N59: 0 | O59: Unique | P59: 24.6 | Q59: 118 | R59: 73 | S59: Négative | T59: Non applicable | U59: Normotendue | V59: Non | W59: =IF(B59="","",IF(B59<=19,"Moins de 20 ans",IF(B59<=29,"20-29 ans",IF(B59<=34,"30-34 ans","35 ans et plus")))) -> 35 ans et plus | X59: =IF(H59="","",IF(H59=0,"Nullipare (0)",IF(H59<=2,"1-2 accouchements","3 accouchements et plus"))) -> 3 accouchements et plus | Y59: =IF(N59="","",IF(N59<=3,"Moins de 4 CPN",IF(N59<=7,"4 à 7 CPN","8 CPN et plus"))) -> Moins de 4 CPN | Z59: =IF(M59="","",IF(M59<=27,"20-27 SA",IF(M59<=36,"28-36 SA","37 SA et plus"))) -> 20-27 SA | AA59: =RANK(B59,$B$2:$B$401,1)+(COUNTIF($B$2:$B$401,B59)-1)/2 -> 393.5 | AB59: =IF(AND(H59>=1,OR(I59="Oui",I59="Non")),1,0) -> 1
A60: F059 | B60: 19 | C60: Célibataire | D60: Secondaire | E60: Élève/Étudiante | F60: Rural | G60: 2 | H60: 1 | I60: Non | J60: Non | K60: Non | L60: Non | M60: 21 | N60: 2 | O60: Unique | P60: 24.2 | Q60: 99 | R60: 63 | S60: Négative | T60: Non applicable | U60: Normotendue | V60: Non | W60: =IF(B60="","",IF(B60<=19,"Moins de 20 ans",IF(B60<=29,"20-29 ans",IF(B60<=34,"30-34 ans","35 ans et plus")))) -> Moins de 20 ans | X60: =IF(H60="","",IF(H60=0,"Nullipare (0)",IF(H60<=2,"1-2 accouchements","3 accouchements et plus"))) -> 1-2 accouchements | Y60: =IF(N60="","",IF(N60<=3,"Moins de 4 CPN",IF(N60<=7,"4 à 7 CPN","8 CPN et plus"))) -> Moins de 4 CPN | Z60: =IF(M60="","",IF(M60<=27,"20-27 SA",IF(M60<=36,"28-36 SA","37 SA et plus"))) -> 20-27 SA | AA60: =RANK(B60,$B$2:$B$401,1)+(COUNTIF($B$2:$B$401,B60)-1)/2 -> 14.5 | AB60: =IF(AND(H60>=1,OR(I60="Oui",I60="Non")),1,0) -> 1
A61: F060 | B61: 26 | C61: Union libre | D61: Supérieur | E61: Commerçante | F61: Urbain | G61: 3 | H61: 2 | I61: Oui | J61: Non | K61: Non | L61: Non | M61: 40 | N61: 6 | O61: Unique | P61: 23.8 | Q61: 108 | R61: 65 | S61: Négative | T61: Non applicable | U61: Normotendue | V61: Non | W61: =IF(B61="","",IF(B61<=19,"Moins de 20 ans",IF(B61<=29,"20-29 ans",IF(B61<=34,"30-34 ans","35 ans et plus")))) -> 20-29 ans | X61: =IF(H61="","",IF(H61=0,"Nullipare (0)",IF(H61<=2,"1-2 accouchements","3 accouchements et plus"))) -> 1-2 accouchements | Y61: =IF(N61="","",IF(N61<=3,"Moins de 4 CPN",IF(N61<=7,"4 à 7 CPN","8 CPN et plus"))) -> 4 à 7 CPN | Z61: =IF(M61="","",IF(M61<=27,"20-27 SA",IF(M61<=36,"28-36 SA","37 SA et plus"))) -> 37 SA et plus | AA61: =RANK(B61,$B$2:$B$401,1)+(COUNTIF($B$2:$B$401,B61)-1)/2 -> 206 | AB61: =IF(AND(H61>=1,OR(I61="Oui",I61="Non")),1,0) -> 1
A62: F061 | B62: 27 | C62: Célibataire | D62: Primaire | E62: Élève/Étudiante | F62: Rural | G62: 3 | H62: 1 | I62: Non | J62: Non | L62: Non | M62: 35 | N62: 3 | O62: Unique | Q62: 110 | R62: 69 | S62: Négative | T62: Non applicable | U62: Normotendue | V62: Non | W62: =IF(B62="","",IF(B62<=19,"Moins de 20 ans",IF(B62<=29,"20-29 ans",IF(B62<=34,"30-34 ans","35 ans et plus")))) -> 20-29 ans | X62: =IF(H62="","",IF(H62=0,"Nullipare (0)",IF(H62<=2,"1-2 accouchements","3 accouchements et plus"))) -> 1-2 accouchements | Y62: =IF(N62="","",IF(N62<=3,"Moins de 4 CPN",IF(N62<=7,"4 à 7 CPN","8 CPN et plus"))) -> Moins de 4 CPN | Z62: =IF(M62="","",IF(M62<=27,"20-27 SA",IF(M62<=36,"28-36 SA","37 SA et plus"))) -> 28-36 SA | AA62: =RANK(B62,$B$2:$B$401,1)+(COUNTIF($B$2:$B$401,B62)-1)/2 -> 243 | AB62: =IF(AND(H62>=1,OR(I62="Oui",I62="Non")),1,0) -> 1
A63: F062 | B63: 26 | C63: Célibataire | D63: Supérieur | E63: Ménagère | F63: Urbain | G63: 2 | H63: 1 | I63: Non | J63: Non | K63: Oui | L63: Non | M63: 36 | N63: 0 | O63: Unique | P63: 28.6 | Q63: 110 | R63: 66 | S63: Négative | T63: Non applicable | U63: Normotendue | V63: Non | W63: =IF(B63="","",IF(B63<=19,"Moins de 20 ans",IF(B63<=29,"20-29 ans",IF(B63<=34,"30-34 ans","35 ans et plus")))) -> 20-29 ans | X63: =IF(H63="","",IF(H63=0,"Nullipare (0)",IF(H63<=2,"1-2 accouchements","3 accouchements et plus"))) -> 1-2 accouchements | Y63: =IF(N63="","",IF(N63<=3,"Moins de 4 CPN",IF(N63<=7,"4 à 7 CPN","8 CPN et plus"))) -> Moins de 4 CPN | Z63: =IF(M63="","",IF(M63<=27,"20-27 SA",IF(M63<=36,"28-36 SA","37 SA et plus"))) -> 28-36 SA | AA63: =RANK(B63,$B$2:$B$401,1)+(COUNTIF($B$2:$B$401,B63)-1)/2 -> 206 | AB63: =IF(AND(H63>=1,OR(I63="Oui",I63="Non")),1,0) -> 1
A64: F063 | B64: 30 | C64: Union libre | D64: Secondaire | E64: Ménagère | F64: Rural | G64: 2 | H64: 1 | J64: Non | K64: Non | L64: Non | M64: 39 | N64: 6 | O64: Unique | P64: 26.4 | Q64: 104 | R64: 72 | S64: Négative | T64: Non applicable | U64: Normotendue | V64: Non | W64: =IF(B64="","",IF(B64<=19,"Moins de 20 ans",IF(B64<=29,"20-29 ans",IF(B64<=34,"30-34 ans","35 ans et plus")))) -> 30-34 ans | X64: =IF(H64="","",IF(H64=0,"Nullipare (0)",IF(H64<=2,"1-2 accouchements","3 accouchements et plus"))) -> 1-2 accouchements | Y64: =IF(N64="","",IF(N64<=3,"Moins de 4 CPN",IF(N64<=7,"4 à 7 CPN","8 CPN et plus"))) -> 4 à 7 CPN | Z64: =IF(M64="","",IF(M64<=27,"20-27 SA",IF(M64<=36,"28-36 SA","37 SA et plus"))) -> 37 SA et plus | AA64: =RANK(B64,$B$2:$B$401,1)+(COUNTIF($B$2:$B$401,B64)-1)/2 -> 319.5 | AB64: =IF(AND(H64>=1,OR(I64="Oui",I64="Non")),1,0) -> 0
A65: F064 | B65: 27 | C65: Union libre | D65: Primaire | E65: Élève/Étudiante | F65: Urbain | G65: 3 | H65: 1 | I65: Non | J65: Non | K65: Non | L65: Non | M65: 33 | N65: 4 | O65: Unique | P65: 23.5 | Q65: 119 | R65: 68 | S65: Traces | T65: Non applicable | U65: Normotendue | V65: Non | W65: =IF(B65="","",IF(B65<=19,"Moins de 20 ans",IF(B65<=29,"20-29 ans",IF(B65<=34,"30-34 ans","35 ans et plus")))) -> 20-29 ans | X65: =IF(H65="","",IF(H65=0,"Nullipare (0)",IF(H65<=2,"1-2 accouchements","3 accouchements et plus"))) -> 1-2 accouchements | Y65: =IF(N65="","",IF(N65<=3,"Moins de 4 CPN",IF(N65<=7,"4 à 7 CPN","8 CPN et plus"))) -> 4 à 7 CPN | Z65: =IF(M65="","",IF(M65<=27,"20-27 SA",IF(M65<=36,"28-36 SA","37 SA et plus"))) -> 28-36 SA | AA65: =RANK(B65,$B$2:$B$401,1)+(COUNTIF($B$2:$B$401,B65)-1)/2 -> 243 | AB65: =IF(AND(H65>=1,OR(I65="Oui",I65="Non")),1,0) -> 1
A66: F065 | B66: 35 | C66: Mariée | D66: Secondaire | E66: Artisane | F66: Urbain | G66: 3 | H66: 2 | I66: Non | J66: Non | K66: Oui | L66: Non | M66: 39 | N66: 4 | O66: Unique | P66: 18.9 | Q66: 121 | R66: 68 | S66: Négative | T66: Non applicable | U66: Normotendue | V66: Non | W66: =IF(B66="","",IF(B66<=19,"Moins de 20 ans",IF(B66<=29,"20-29 ans",IF(B66<=34,"30-34 ans","35 ans et plus")))) -> 35 ans et plus | X66: =IF(H66="","",IF(H66=0,"Nullipare (0)",IF(H66<=2,"1-2 accouchements","3 accouchements et plus"))) -> 1-2 accouchements | Y66: =IF(N66="","",IF(N66<=3,"Moins de 4 CPN",IF(N66<=7,"4 à 7 CPN","8 CPN et plus"))) -> 4 à 7 CPN | Z66: =IF(M66="","",IF(M66<=27,"20-27 SA",IF(M66<=36,"28-36 SA","37 SA et plus"))) -> 37 SA et plus | AA66: =RANK(B66,$B$2:$B$401,1)+(COUNTIF($B$2:$B$401,B66)-1)/2 -> 378 | AB66: =IF(AND(H66>=1,OR(I66="Oui",I66="Non")),1,0) -> 1
A67: F066 | B67: 26 | C67: Veuve/divorcée | D67: Secondaire | E67: Agricultrice | F67: Rural | G67: 2 | H67: 1 | I67: Non | J67: Non | K67: Non | L67: Non | M67: 29 | N67: 5 | O67: Unique | P67: 23.1 | Q67: 102 | R67: 62 | S67: Négative | T67: Non applicable | U67: Normotendue | V67: Non | W67: =IF(B67="","",IF(B67<=19,"Moins de 20 ans",IF(B67<=29,"20-29 ans",IF(B67<=34,"30-34 ans","35 ans et plus")))) -> 20-29 ans | X67: =IF(H67="","",IF(H67=0,"Nullipare (0)",IF(H67<=2,"1-2 accouchements","3 accouchements et plus"))) -> 1-2 accouchements | Y67: =IF(N67="","",IF(N67<=3,"Moins de 4 CPN",IF(N67<=7,"4 à 7 CPN","8 CPN et plus"))) -> 4 à 7 CPN | Z67: =IF(M67="","",IF(M67<=27,"20-27 SA",IF(M67<=36,"28-36 SA","37 SA et plus"))) -> 28-36 SA | AA67: =RANK(B67,$B$2:$B$401,1)+(COUNTIF($B$2:$B$401,B67)-1)/2 -> 206 | AB67: =IF(AND(H67>=1,OR(I67="Oui",I67="Non")),1,0) -> 1
A68: F067 | B68: 27 | C68: Mariée | D68: Primaire | E68: Ménagère | F68: Urbain | G68: 1 | H68: 0 | I68: Non applicable | J68: Non | K68: Oui | L68: Non | M68: 30 | N68: 7 | O68: Unique | P68: 16 | Q68: 120 | R68: 63 | S68: Négative | T68: Non applicable | U68: Normotendue | V68: Non | W68: =IF(B68="","",IF(B68<=19,"Moins de 20 ans",IF(B68<=29,"20-29 ans",IF(B68<=34,"30-34 ans","35 ans et plus")))) -> 20-29 ans | X68: =IF(H68="","",IF(H68=0,"Nullipare (0)",IF(H68<=2,"1-2 accouchements","3 accouchements et plus"))) -> Nullipare (0) | Y68: =IF(N68="","",IF(N68<=3,"Moins de 4 CPN",IF(N68<=7,"4 à 7 CPN","8 CPN et plus"))) -> 4 à 7 CPN | Z68: =IF(M68="","",IF(M68<=27,"20-27 SA",IF(M68<=36,"28-36 SA","37 SA et plus"))) -> 28-36 SA | AA68: =RANK(B68,$B$2:$B$401,1)+(COUNTIF($B$2:$B$401,B68)-1)/2 -> 243 | AB68: =IF(AND(H68>=1,OR(I68="Oui",I68="Non")),1,0) -> 0
A69: F068 | B69: 28 | C69: Mariée | D69: Secondaire | E69: Commerçante | F69: Rural | G69: 3 | H69: 2 | I69: Non | J69: Non | K69: Non | L69: Non | M69: 33 | N69: 5 | O69: Unique | P69: 21.3 | Q69: 106 | R69: 61 | S69: Négative | T69: Non applicable | U69: Normotendue | V69: Non | W69: =IF(B69="","",IF(B69<=19,"Moins de 20 ans",IF(B69<=29,"20-29 ans",IF(B69<=34,"30-34 ans","35 ans et plus")))) -> 20-29 ans | X69: =IF(H69="","",IF(H69=0,"Nullipare (0)",IF(H69<=2,"1-2 accouchements","3 accouchements et plus"))) -> 1-2 accouchements | Y69: =IF(N69="","",IF(N69<=3,"Moins de 4 CPN",IF(N69<=7,"4 à 7 CPN","8 CPN et plus"))) -> 4 à 7 CPN | Z69: =IF(M69="","",IF(M69<=27,"20-27 SA",IF(M69<=36,"28-36 SA","37 SA et plus"))) -> 28-36 SA | AA69: =RANK(B69,$B$2:$B$401,1)+(COUNTIF($B$2:$B$401,B69)-1)/2 -> 276 | AB69: =IF(AND(H69>=1,OR(I69="Oui",I69="Non")),1,0) -> 1
A70: F069 | B70: 26 | C70: Mariée | D70: Primaire | E70: Agricultrice | F70: Rural | G70: 3 | H70: 2 | I70: Non | J70: Non | K70: Non | L70: Non | M70: 38 | N70: 6 | O70: Unique | P70: 24 | Q70: 95 | R70: 53 | S70: Négative | T70: Non applicable | U70: Normotendue | V70: Non | W70: =IF(B70="","",IF(B70<=19,"Moins de 20 ans",IF(B70<=29,"20-29 ans",IF(B70<=34,"30-34 ans","35 ans et plus")))) -> 20-29 ans | X70: =IF(H70="","",IF(H70=0,"Nullipare (0)",IF(H70<=2,"1-2 accouchements","3 accouchements et plus"))) -> 1-2 accouchements | Y70: =IF(N70="","",IF(N70<=3,"Moins de 4 CPN",IF(N70<=7,"4 à 7 CPN","8 CPN et plus"))) -> 4 à 7 CPN | Z70: =IF(M70="","",IF(M70<=27,"20-27 SA",IF(M70<=36,"28-36 SA","37 SA et plus"))) -> 37 SA et plus | AA70: =RANK(B70,$B$2:$B$401,1)+(COUNTIF($B$2:$B$401,B70)-1)/2 -> 206 | AB70: =IF(AND(H70>=1,OR(I70="Oui",I70="Non")),1,0) -> 1
A71: F070 | B71: 29 | C71: Mariée | D71: Secondaire | E71: Commerçante | F71: Urbain | G71: 4 | H71: 3 | I71: Non | J71: Non | K71: Non | L71: Non | M71: 31 | N71: 1 | O71: Unique | P71: 24.3 | Q71: 97 | R71: 58 | S71: Négative | T71: Non applicable | U71: Normotendue | V71: Non | W71: =IF(B71="","",IF(B71<=19,"Moins de 20 ans",IF(B71<=29,"20-29 ans",IF(B71<=34,"30-34 ans","35 ans et plus")))) -> 20-29 ans | X71: =IF(H71="","",IF(H71=0,"Nullipare (0)",IF(H71<=2,"1-2 accouchements","3 accouchements et plus"))) -> 3 accouchements et plus | Y71: =IF(N71="","",IF(N71<=3,"Moins de 4 CPN",IF(N71<=7,"4 à 7 CPN","8 CPN et plus"))) -> Moins de 4 CPN | Z71: =IF(M71="","",IF(M71<=27,"20-27 SA",IF(M71<=36,"28-36 SA","37 SA et plus"))) -> 28-36 SA | AA71: =RANK(B71,$B$2:$B$401,1)+(COUNTIF($B$2:$B$401,B71)-1)/2 -> 299 | AB71: =IF(AND(H71>=1,OR(I71="Oui",I71="Non")),1,0) -> 1
A72: F071 | B72: 26 | C72: Mariée | D72: Primaire | E72: Commerçante | F72: Urbain | G72: 1 | H72: 0 | I72: Non applicable | J72: Non | K72: Non | L72: Non | M72: 32 | N72: 0 | O72: Unique | P72: 24.9 | Q72: 107 | R72: 66 | S72: Traces | T72: Non applicable | U72: Normotendue | V72: Non | W72: =IF(B72="","",IF(B72<=19,"Moins de 20 ans",IF(B72<=29,"20-29 ans",IF(B72<=34,"30-34 ans","35 ans et plus")))) -> 20-29 ans | X72: =IF(H72="","",IF(H72=0,"Nullipare (0)",IF(H72<=2,"1-2 accouchements","3 accouchements et plus"))) -> Nullipare (0) | Y72: =IF(N72="","",IF(N72<=3,"Moins de 4 CPN",IF(N72<=7,"4 à 7 CPN","8 CPN et plus"))) -> Moins de 4 CPN | Z72: =IF(M72="","",IF(M72<=27,"20-27 SA",IF(M72<=36,"28-36 SA","37 SA et plus"))) -> 28-36 SA | AA72: =RANK(B72,$B$2:$B$401,1)+(COUNTIF($B$2:$B$401,B72)-1)/2 -> 206 | AB72: =IF(AND(H72>=1,OR(I72="Oui",I72="Non")),1,0) -> 0
A73: F072 | B73: 25 | C73: Mariée | D73: Secondaire | E73: Artisane | F73: Urbain | G73: 4 | H73: 2 | I73: Non | J73: Non | K73: Non | L73: Non | M73: 38 | N73: 4 | O73: Unique | P73: 20.5 | Q73: 114 | R73: 68 | S73: Négative | T73: Non applicable | U73: Normotendue | V73: Non | W73: =IF(B73="","",IF(B73<=19,"Moins de 20 ans",IF(B73<=29,"20-29 ans",IF(B73<=34,"30-34 ans","35 ans et plus")))) -> 20-29 ans | X73: =IF(H73="","",IF(H73=0,"Nullipare (0)",IF(H73<=2,"1-2 accouchements","3 accouchements et plus"))) -> 1-2 accouchements | Y73: =IF(N73="","",IF(N73<=3,"Moins de 4 CPN",IF(N73<=7,"4 à 7 CPN","8 CPN et plus"))) -> 4 à 7 CPN | Z73: =IF(M73="","",IF(M73<=27,"20-27 SA",IF(M73<=36,"28-36 SA","37 SA et plus"))) -> 37 SA et plus | AA73: =RANK(B73,$B$2:$B$401,1)+(COUNTIF($B$2:$B$401,B73)-1)/2 -> 173 | AB73: =IF(AND(H73>=1,OR(I73="Oui",I73="Non")),1,0) -> 1
A74: F073 | B74: 32 | C74: Union libre | D74: Secondaire | E74: Commerçante | F74: Urbain | G74: 5 | H74: 4 | I74: Non | J74: Non | K74: Non | L74: Non | M74: 29 | N74: 2 | O74: Unique | P74: 26.8 | Q74: 129 | R74: 77 | S74: Négative | T74: Non applicable | U74: Normotendue | V74: Non | W74: =IF(B74="","",IF(B74<=19,"Moins de 20 ans",IF(B74<=29,"20-29 ans",IF(B74<=34,"30-34 ans","35 ans et plus")))) -> 30-34 ans | X74: =IF(H74="","",IF(H74=0,"Nullipare (0)",IF(H74<=2,"1-2 accouchements","3 accouchements et plus"))) -> 3 accouchements et plus | Y74: =IF(N74="","",IF(N74<=3,"Moins de 4 CPN",IF(N74<=7,"4 à 7 CPN","8 CPN et plus"))) -> Moins de 4 CPN | Z74: =IF(M74="","",IF(M74<=27,"20-27 SA",IF(M74<=36,"28-36 SA","37 SA et plus"))) -> 28-36 SA | AA74: =RANK(B74,$B$2:$B$401,1)+(COUNTIF($B$2:$B$401,B74)-1)/2 -> 347.5 | AB74: =IF(AND(H74>=1,OR(I74="Oui",I74="Non")),1,0) -> 1
A75: F074 | B75: 27 | C75: Union libre | D75: Secondaire | E75: Commerçante | F75: Urbain | G75: 2 | H75: 1 | I75: Non | J75: Non | K75: Non | L75: Non | M75: 34 | N75: 3 | O75: Unique | P75: 21.5 | Q75: 98 | R75: 67 | S75: Négative | T75: Non applicable | U75: Normotendue | V75: Non | W75: =IF(B75="","",IF(B75<=19,"Moins de 20 ans",IF(B75<=29,"20-29 ans",IF(B75<=34,"30-34 ans","35 ans et plus")))) -> 20-29 ans | X75: =IF(H75="","",IF(H75=0,"Nullipare (0)",IF(H75<=2,"1-2 accouchements","3 accouchements et plus"))) -> 1-2 accouchements | Y75: =IF(N75="","",IF(N75<=3,"Moins de 4 CPN",IF(N75<=7,"4 à 7 CPN","8 CPN et plus"))) -> Moins de 4 CPN | Z75: =IF(M75="","",IF(M75<=27,"20-27 SA",IF(M75<=36,"28-36 SA","37 SA et plus"))) -> 28-36 SA | AA75: =RANK(B75,$B$2:$B$401,1)+(COUNTIF($B$2:$B$401,B75)-1)/2 -> 243 | AB75: =IF(AND(H75>=1,OR(I75="Oui",I75="Non")),1,0) -> 1
A76: F075 | B76: 25 | C76: Célibataire | D76: Primaire | E76: Commerçante | F76: Urbain | G76: 3 | H76: 1 | I76: Non | J76: Non | K76: Oui | L76: Non | M76: 35 | N76: 4 | O76: Unique | P76: 22.7 | Q76: 117 | R76: 74 | S76: Traces | T76: Non applicable | U76: Normotendue | V76: Non | W76: =IF(B76="","",IF(B76<=19,"Moins de 20 ans",IF(B76<=29,"20-29 ans",IF(B76<=34,"30-34 ans","35 ans et plus")))) -> 20-29 ans | X76: =IF(H76="","",IF(H76=0,"Nullipare (0)",IF(H76<=2,"1-2 accouchements","3 accouchements et plus"))) -> 1-2 accouchements | Y76: =IF(N76="","",IF(N76<=3,"Moins de 4 CPN",IF(N76<=7,"4 à 7 CPN","8 CPN et plus"))) -> 4 à 7 CPN | Z76: =IF(M76="","",IF(M76<=27,"20-27 SA",IF(M76<=36,"28-36 SA","37 SA et plus"))) -> 28-36 SA | AA76: =RANK(B76,$B$2:$B$401,1)+(COUNTIF($B$2:$B$401,B76)-1)/2 -> 173 | AB76: =IF(AND(H76>=1,OR(I76="Oui",I76="Non")),1,0) -> 1
A77: F076 | B77: 21 | C77: Mariée | D77: Secondaire | E77: Commerçante | F77: Urbain | G77: 2 | H77: 0 | I77: Non applicable | J77: Non | K77: Non | L77: Non | M77: 37 | N77: 4 | O77: Unique | P77: 24.7 | Q77: 142 | R77: 92 | S77: 2+ | T77: Non | U77: Prééclampsie | V77: Oui | W77: =IF(B77="","",IF(B77<=19,"Moins de 20 ans",IF(B77<=29,"20-29 ans",IF(B77<=34,"30-34 ans","35 ans et plus")))) -> 20-29 ans | X77: =IF(H77="","",IF(H77=0,"Nullipare (0)",IF(H77<=2,"1-2 accouchements","3 accouchements et plus"))) -> Nullipare (0) | Y77: =IF(N77="","",IF(N77<=3,"Moins de 4 CPN",IF(N77<=7,"4 à 7 CPN","8 CPN et plus"))) -> 4 à 7 CPN | Z77: =IF(M77="","",IF(M77<=27,"20-27 SA",IF(M77<=36,"28-36 SA","37 SA et plus"))) -> 37 SA et plus | AA77: =RANK(B77,$B$2:$B$401,1)+(COUNTIF($B$2:$B$401,B77)-1)/2 -> 48 | AB77: =IF(AND(H77>=1,OR(I77="Oui",I77="Non")),1,0) -> 0
A78: F077 | B78: 24 | C78: Mariée | D78: Supérieur | E78: Ménagère | F78: Urbain | G78: 2 | H78: 0 | I78: Non applicable | J78: Non | K78: Oui | L78: Non | M78: 40 | N78: 1 | O78: Unique | Q78: 112 | R78: 67 | S78: Négative | T78: Non applicable | U78: Normotendue | V78: Non | W78: =IF(B78="","",IF(B78<=19,"Moins de 20 ans",IF(B78<=29,"20-29 ans",IF(B78<=34,"30-34 ans","35 ans et plus")))) -> 20-29 ans | X78: =IF(H78="","",IF(H78=0,"Nullipare (0)",IF(H78<=2,"1-2 accouchements","3 accouchements et plus"))) -> Nullipare (0) | Y78: =IF(N78="","",IF(N78<=3,"Moins de 4 CPN",IF(N78<=7,"4 à 7 CPN","8 CPN et plus"))) -> Moins de 4 CPN | Z78: =IF(M78="","",IF(M78<=27,"20-27 SA",IF(M78<=36,"28-36 SA","37 SA et plus"))) -> 37 SA et plus | AA78: =RANK(B78,$B$2:$B$401,1)+(COUNTIF($B$2:$B$401,B78)-1)/2 -> 139.5 | AB78: =IF(AND(H78>=1,OR(I78="Oui",I78="Non")),1,0) -> 0
A79: F078 | B79: 24 | C79: Mariée | D79: Primaire | E79: Ménagère | F79: Urbain | G79: 2 | H79: 0 | I79: Non applicable | J79: Non | K79: Non | L79: Non | M79: 27 | N79: 3 | O79: Unique | P79: 22 | Q79: 108 | R79: 63 | S79: Négative | T79: Non applicable | U79: Normotendue | V79: Non | W79: =IF(B79="","",IF(B79<=19,"Moins de 20 ans",IF(B79<=29,"20-29 ans",IF(B79<=34,"30-34 ans","35 ans et plus")))) -> 20-29 ans | X79: =IF(H79="","",IF(H79=0,"Nullipare (0)",IF(H79<=2,"1-2 accouchements","3 accouchements et plus"))) -> Nullipare (0) | Y79: =IF(N79="","",IF(N79<=3,"Moins de 4 CPN",IF(N79<=7,"4 à 7 CPN","8 CPN et plus"))) -> Moins de 4 CPN | Z79: =IF(M79="","",IF(M79<=27,"20-27 SA",IF(M79<=36,"28-36 SA","37 SA et plus"))) -> 20-27 SA | AA79: =RANK(B79,$B$2:$B$401,1)+(COUNTIF($B$2:$B$401,B79)-1)/2 -> 139.5 | AB79: =IF(AND(H79>=1,OR(I79="Oui",I79="Non")),1,0) -> 0
A80: F079 | B80: 38 | C80: Mariée | D80: Primaire | E80: Ménagère | F80: Rural | G80: 7 | H80: 6 | I80: Non | J80: Oui | K80: Non | L80: Non | M80: 37 | N80: 3 | O80: Unique | P80: 22.2 | Q80: 150 | R80: 81 | S80: Négative | T80: Non applicable | U80: HTA chronique seule | V80: Non | W80: =IF(B80="","",IF(B80<=19,"Moins de 20 ans",IF(B80<=29,"20-29 ans",IF(B80<=34,"30-34 ans","35 ans et plus")))) -> 35 ans et plus | X80: =IF(H80="","",IF(H80=0,"Nullipare (0)",IF(H80<=2,"1-2 accouchements","3 accouchements et plus"))) -> 3 accouchements et plus | Y80: =IF(N80="","",IF(N80<=3,"Moins de 4 CPN",IF(N80<=7,"4 à 7 CPN","8 CPN et plus"))) -> Moins de 4 CPN | Z80: =IF(M80="","",IF(M80<=27,"20-27 SA",IF(M80<=36,"28-36 SA","37 SA et plus"))) -> 37 SA et plus | AA80: =RANK(B80,$B$2:$B$401,1)+(COUNTIF($B$2:$B$401,B80)-1)/2 -> 389 | AB80: =IF(AND(H80>=1,OR(I80="Oui",I80="Non")),1,0) -> 1
A81: F080 | B81: 28 | C81: Union libre | D81: Secondaire | E81: Commerçante | F81: Urbain | G81: 1 | H81: 0 | I81: Non applicable | J81: Non | K81: Oui | L81: Oui | M81: 35 | N81: 8 | O81: Unique | P81: 24.4 | Q81: 92 | R81: 59 | S81: Négative | T81: Non applicable | U81: Normotendue | V81: Non | W81: =IF(B81="","",IF(B81<=19,"Moins de 20 ans",IF(B81<=29,"20-29 ans",IF(B81<=34,"30-34 ans","35 ans et plus")))) -> 20-29 ans | X81: =IF(H81="","",IF(H81=0,"Nullipare (0)",IF(H81<=2,"1-2 accouchements","3 accouchements et plus"))) -> Nullipare (0) | Y81: =IF(N81="","",IF(N81<=3,"Moins de 4 CPN",IF(N81<=7,"4 à 7 CPN","8 CPN et plus"))) -> 8 CPN et plus | Z81: =IF(M81="","",IF(M81<=27,"20-27 SA",IF(M81<=36,"28-36 SA","37 SA et plus"))) -> 28-36 SA | AA81: =RANK(B81,$B$2:$B$401,1)+(COUNTIF($B$2:$B$401,B81)-1)/2 -> 276 | AB81: =IF(AND(H81>=1,OR(I81="Oui",I81="Non")),1,0) -> 0
A82: F081 | B82: 25 | C82: Mariée | D82: Secondaire | E82: Agricultrice | F82: Rural | G82: 1 | H82: 0 | I82: Non applicable | J82: Non | K82: Oui | L82: Non | M82: 35 | N82: 3 | O82: Unique | P82: 21.9 | Q82: 102 | R82: 65 | S82: Négative | T82: Non applicable | U82: Normotendue | V82: Non | W82: =IF(B82="","",IF(B82<=19,"Moins de 20 ans",IF(B82<=29,"20-29 ans",IF(B82<=34,"30-34 ans","35 ans et plus")))) -> 20-29 ans | X82: =IF(H82="","",IF(H82=0,"Nullipare (0)",IF(H82<=2,"1-2 accouchements","3 accouchements et plus"))) -> Nullipare (0) | Y82: =IF(N82="","",IF(N82<=3,"Moins de 4 CPN",IF(N82<=7,"4 à 7 CPN","8 CPN et plus"))) -> Moins de 4 CPN | Z82: =IF(M82="","",IF(M82<=27,"20-27 SA",IF(M82<=36,"28-36 SA","37 SA et plus"))) -> 28-36 SA | AA82: =RANK(B82,$B$2:$B$401,1)+(COUNTIF($B$2:$B$401,B82)-1)/2 -> 173 | AB82: =IF(AND(H82>=1,OR(I82="Oui",I82="Non")),1,0) -> 0
A83: F082 | B83: 38 | C83: Union libre | D83: Secondaire | E83: Commerçante | F83: Urbain | G83: 6 | H83: 5 | I83: Non | J83: Oui | K83: Non | L83: Non | M83: 33 | N83: 4 | O83: Unique | P83: 21.6 | Q83: 128 | R83: 91 | S83: Négative | T83: Non applicable | U83: HTA chronique seule | V83: Non | W83: =IF(B83="","",IF(B83<=19,"Moins de 20 ans",IF(B83<=29,"20-29 ans",IF(B83<=34,"30-34 ans","35 ans et plus")))) -> 35 ans et plus | X83: =IF(H83="","",IF(H83=0,"Nullipare (0)",IF(H83<=2,"1-2 accouchements","3 accouchements et plus"))) -> 3 accouchements et plus | Y83: =IF(N83="","",IF(N83<=3,"Moins de 4 CPN",IF(N83<=7,"4 à 7 CPN","8 CPN et plus"))) -> 4 à 7 CPN | Z83: =IF(M83="","",IF(M83<=27,"20-27 SA",IF(M83<=36,"28-36 SA","37 SA et plus"))) -> 28-36 SA | AA83: =RANK(B83,$B$2:$B$401,1)+(COUNTIF($B$2:$B$401,B83)-1)/2 -> 389 | AB83: =IF(AND(H83>=1,OR(I83="Oui",I83="Non")),1,0) -> 1
A84: F083 | B84: 31 | C84: Mariée | D84: Primaire | E84: Artisane | F84: Urbain | G84: 1 | H84: 0 | I84: Non applicable | J84: Non | K84: Oui | L84: Non | M84: 36 | N84: 4 | O84: Unique | P84: 21.1 | Q84: 98 | R84: 71 | S84: Négative | T84: Non applicable | U84: Normotendue | V84: Non | W84: =IF(B84="","",IF(B84<=19,"Moins de 20 ans",IF(B84<=29,"20-29 ans",IF(B84<=34,"30-34 ans","35 ans et plus")))) -> 30-34 ans | X84: =IF(H84="","",IF(H84=0,"Nullipare (0)",IF(H84<=2,"1-2 accouchements","3 accouchements et plus"))) -> Nullipare (0) | Y84: =IF(N84="","",IF(N84<=3,"Moins de 4 CPN",IF(N84<=7,"4 à 7 CPN","8 CPN et plus"))) -> 4 à 7 CPN | Z84: =IF(M84="","",IF(M84<=27,"20-27 SA",IF(M84<=36,"28-36 SA","37 SA et plus"))) -> 28-36 SA | AA84: =RANK(B84,$B$2:$B$401,1)+(COUNTIF($B$2:$B$401,B84)-1)/2 -> 334.5 | AB84: =IF(AND(H84>=1,OR(I84="Oui",I84="Non")),1,0) -> 0
A85: F084 | B85: 25 | C85: Mariée | D85: Primaire | E85: Artisane | F85: Urbain | G85: 1 | H85: 0 | I85: Non applicable | J85: Non | K85: Oui | L85: Non | M85: 37 | N85: 5 | O85: Unique | P85: 20.9 | Q85: 160 | R85: 100 | S85: 3+ | T85: Oui | U85: Prééclampsie | V85: Oui | W85: =IF(B85="","",IF(B85<=19,"Moins de 20 ans",IF(B85<=29,"20-29 ans",IF(B85<=34,"30-34 ans","35 ans et plus")))) -> 20-29 ans | X85: =IF(H85="","",IF(H85=0,"Nullipare (0)",IF(H85<=2,"1-2 accouchements","3 accouchements et plus"))) -> Nullipare (0) | Y85: =IF(N85="","",IF(N85<=3,"Moins de 4 CPN",IF(N85<=7,"4 à 7 CPN","8 CPN et plus"))) -> 4 à 7 CPN | Z85: =IF(M85="","",IF(M85<=27,"20-27 SA",IF(M85<=36,"28-36 SA","37 SA et plus"))) -> 37 SA et plus | AA85: =RANK(B85,$B$2:$B$401,1)+(COUNTIF($B$2:$B$401,B85)-1)/2 -> 173 | AB85: =IF(AND(H85>=1,OR(I85="Oui",I85="Non")),1,0) -> 0
A86: F085 | B86: 31 | C86: Mariée | D86: Supérieur | E86: Ménagère | F86: Urbain | G86: 8 | H86: 7 | I86: Non | J86: Non | K86: Non | L86: Oui | M86: 36 | N86: 8 | O86: Unique | P86: 21.7 | Q86: 111 | R86: 65 | S86: Négative | T86: Non applicable | U86: Normotendue | V86: Non | W86: =IF(B86="","",IF(B86<=19,"Moins de 20 ans",IF(B86<=29,"20-29 ans",IF(B86<=34,"30-34 ans","35 ans et plus")))) -> 30-34 ans | X86: =IF(H86="","",IF(H86=0,"Nullipare (0)",IF(H86<=2,"1-2 accouchements","3 accouchements et plus"))) -> 3 accouchements et plus | Y86: =IF(N86="","",IF(N86<=3,"Moins de 4 CPN",IF(N86<=7,"4 à 7 CPN","8 CPN et plus"))) -> 8 CPN et plus | Z86: =IF(M86="","",IF(M86<=27,"20-27 SA",IF(M86<=36,"28-36 SA","37 SA et plus"))) -> 28-36 SA | AA86: =RANK(B86,$B$2:$B$401,1)+(COUNTIF($B$2:$B$401,B86)-1)/2 -> 334.5 | AB86: =IF(AND(H86>=1,OR(I86="Oui",I86="Non")),1,0) -> 1
A87: F086 | B87: 25 | C87: Mariée | D87: Secondaire | E87: Ménagère | F87: Urbain | G87: 2 | H87: 1 | I87: Non | J87: Non | K87: Non | L87: Non | M87: 39 | N87: 4 | O87: Unique | P87: 25.4 | Q87: 119 | R87: 66 | S87: Négative | T87: Non applicable | U87: Normotendue | V87: Non | W87: =IF(B87="","",IF(B87<=19,"Moins de 20 ans",IF(B87<=29,"20-29 ans",IF(B87<=34,"30-34 ans","35 ans et plus")))) -> 20-29 ans | X87: =IF(H87="","",IF(H87=0,"Nullipare (0)",IF(H87<=2,"1-2 accouchements","3 accouchements et plus"))) -> 1-2 accouchements | Y87: =IF(N87="","",IF(N87<=3,"Moins de 4 CPN",IF(N87<=7,"4 à 7 CPN","8 CPN et plus"))) -> 4 à 7 CPN | Z87: =IF(M87="","",IF(M87<=27,"20-27 SA",IF(M87<=36,"28-36 SA","37 SA et plus"))) -> 37 SA et plus | AA87: =RANK(B87,$B$2:$B$401,1)+(COUNTIF($B$2:$B$401,B87)-1)/2 -> 173 | AB87: =IF(AND(H87>=1,OR(I87="Oui",I87="Non")),1,0) -> 1
A88: F087 | B88: 32 | C88: Union libre | D88: Secondaire | E88: Commerçante | F88: Urbain | G88: 6 | H88: 5 | I88: Oui | J88: Non | K88: Oui | L88: Non | M88: 34 | N88: 4 | O88: Unique | P88: 35.8 | Q88: 158 | R88: 94 | S88: 3+ | T88: Non | U88: Prééclampsie | V88: Oui | W88: =IF(B88="","",IF(B88<=19,"Moins de 20 ans",IF(B88<=29,"20-29 ans",IF(B88<=34,"30-34 ans","35 ans et plus")))) -> 30-34 ans | X88: =IF(H88="","",IF(H88=0,"Nullipare (0)",IF(H88<=2,"1-2 accouchements","3 accouchements et plus"))) -> 3 accouchements et plus | Y88: =IF(N88="","",IF(N88<=3,"Moins de 4 CPN",IF(N88<=7,"4 à 7 CPN","8 CPN et plus"))) -> 4 à 7 CPN | Z88: =IF(M88="","",IF(M88<=27,"20-27 SA",IF(M88<=36,"28-36 SA","37 SA et plus"))) -> 28-36 SA | AA88: =RANK(B88,$B$2:$B$401,1)+(COUNTIF($B$2:$B$401,B88)-1)/2 -> 347.5 | AB88: =IF(AND(H88>=1,OR(I88="Oui",I88="Non")),1,0) -> 1
A89: F088 | B89: 34 | C89: Mariée | D89: Supérieur | E89: Artisane | F89: Urbain | G89: 4 | H89: 2 | I89: Non | J89: Oui | K89: Non | L89: Non | M89: 41 | N89: 7 | O89: Multiple | P89: 31.2 | Q89: 155 | R89: 96 | S89: 1+ | T89: Oui | U89: Prééclampsie surajoutée | V89: Oui | W89: =IF(B89="","",IF(B89<=19,"Moins de 20 ans",IF(B89<=29,"20-29 ans",IF(B89<=34,"30-34 ans","35 ans et plus")))) -> 30-34 ans | X89: =IF(H89="","",IF(H89=0,"Nullipare (0)",IF(H89<=2,"1-2 accouchements","3 accouchements et plus"))) -> 1-2 accouchements | Y89: =IF(N89="","",IF(N89<=3,"Moins de 4 CPN",IF(N89<=7,"4 à 7 CPN","8 CPN et plus"))) -> 4 à 7 CPN | Z89: =IF(M89="","",IF(M89<=27,"20-27 SA",IF(M89<=36,"28-36 SA","37 SA et plus"))) -> 37 SA et plus | AA89: =RANK(B89,$B$2:$B$401,1)+(COUNTIF($B$2:$B$401,B89)-1)/2 -> 372 | AB89: =IF(AND(H89>=1,OR(I89="Oui",I89="Non")),1,0) -> 1
A90: F089 | B90: 24 | C90: Mariée | D90: Primaire | E90: Ménagère | F90: Rural | G90: 3 | H90: 2 | I90: Non | J90: Non | K90: Non | L90: Non | M90: 35 | N90: 1 | O90: Unique | P90: 26 | Q90: 160 | R90: 98 | S90: 1+ | T90: Oui | U90: Prééclampsie | V90: Oui | W90: =IF(B90="","",IF(B90<=19,"Moins de 20 ans",IF(B90<=29,"20-29 ans",IF(B90<=34,"30-34 ans","35 ans et plus")))) -> 20-29 ans | X90: =IF(H90="","",IF(H90=0,"Nullipare (0)",IF(H90<=2,"1-2 accouchements","3 accouchements et plus"))) -> 1-2 accouchements | Y90: =IF(N90="","",IF(N90<=3,"Moins de 4 CPN",IF(N90<=7,"4 à 7 CPN","8 CPN et plus"))) -> Moins de 4 CPN | Z90: =IF(M90="","",IF(M90<=27,"20-27 SA",IF(M90<=36,"28-36 SA","37 SA et plus"))) -> 28-36 SA | AA90: =RANK(B90,$B$2:$B$401,1)+(COUNTIF($B$2:$B$401,B90)-1)/2 -> 139.5 | AB90: =IF(AND(H90>=1,OR(I90="Oui",I90="Non")),1,0) -> 1
... A95: F094 | B95: 21 | C95: Mariée | D95: Secondaire | E95: Commerçante | F95: Urbain | G95: 1 | H95: 0 | I95: Non applicable | J95: Non | K95: Oui | L95: Non | M95: 36 | N95: 3 | O95: Multiple | P95: 24.1 | Q95: 110 | R95: 62 | S95: Négative | T95: Non applicable | U95: Normotendue | V95: Non | W95: =IF(B95="","",IF(B95<=19,"Moins de 20 ans",IF(B95<=29,"20-29 ans",IF(B95<=34,"30-34 ans","35 ans et plus")))) -> 20-29 ans | X95: =IF(H95="","",IF(H95=0,"Nullipare (0)",IF(H95<=2,"1-2 accouchements","3 accouchements et plus"))) -> Nullipare (0) | Y95: =IF(N95="","",IF(N95<=3,"Moins de 4 CPN",IF(N95<=7,"4 à 7 CPN","8 CPN et plus"))) -> Moins de 4 CPN | Z95: =IF(M95="","",IF(M95<=27,"20-27 SA",IF(M95<=36,"28-36 SA","37 SA et plus"))) -> 28-36 SA | AA95: =RANK(B95,$B$2:$B$401,1)+(COUNTIF($B$2:$B$401,B95)-1)/2 -> 48 | AB95: =IF(AND(H95>=1,OR(I95="Oui",I95="Non")),1,0) -> 0
A96: F095 | B96: 33 | C96: Mariée | D96: Secondaire | E96: Commerçante | F96: Urbain | G96: 2 | H96: 1 | I96: Non | J96: Non | L96: Non | M96: 32 | N96: 2 | O96: Unique | P96: 20.3 | Q96: 120 | R96: 75 | S96: Négative | T96: Non applicable | U96: Normotendue | V96: Non | W96: =IF(B96="","",IF(B96<=19,"Moins de 20 ans",IF(B96<=29,"20-29 ans",IF(B96<=34,"30-34 ans","35 ans et plus")))) -> 30-34 ans | X96: =IF(H96="","",IF(H96=0,"Nullipare (0)",IF(H96<=2,"1-2 accouchements","3 accouchements et plus"))) -> 1-2 accouchements | Y96: =IF(N96="","",IF(N96<=3,"Moins de 4 CPN",IF(N96<=7,"4 à 7 CPN","8 CPN et plus"))) -> Moins de 4 CPN | Z96: =IF(M96="","",IF(M96<=27,"20-27 SA",IF(M96<=36,"28-36 SA","37 SA et plus"))) -> 28-36 SA | AA96: =RANK(B96,$B$2:$B$401,1)+(COUNTIF($B$2:$B$401,B96)-1)/2 -> 361.5 | AB96: =IF(AND(H96>=1,OR(I96="Oui",I96="Non")),1,0) -> 1
A97: F096 | B97: 27 | C97: Mariée | D97: Secondaire | E97: Artisane | F97: Urbain | G97: 5 | H97: 4 | I97: Non | J97: Non | K97: Non | L97: Non | M97: 22 | O97: Unique | P97: 21.1 | Q97: 110 | R97: 69 | S97: Traces | T97: Non applicable | U97: Normotendue | V97: Non | W97: =IF(B97="","",IF(B97<=19,"Moins de 20 ans",IF(B97<=29,"20-29 ans",IF(B97<=34,"30-34 ans","35 ans et plus")))) -> 20-29 ans | X97: =IF(H97="","",IF(H97=0,"Nullipare (0)",IF(H97<=2,"1-2 accouchements","3 accouchements et plus"))) -> 3 accouchements et plus | Y97: =IF(N97="","",IF(N97<=3,"Moins de 4 CPN",IF(N97<=7,"4 à 7 CPN","8 CPN et plus"))) | Z97: =IF(M97="","",IF(M97<=27,"20-27 SA",IF(M97<=36,"28-36 SA","37 SA et plus"))) -> 20-27 SA | AA97: =RANK(B97,$B$2:$B$401,1)+(COUNTIF($B$2:$B$401,B97)-1)/2 -> 243 | AB97: =IF(AND(H97>=1,OR(I97="Oui",I97="Non")),1,0) -> 1
A98: F097 | B98: 30 | C98: Union libre | D98: Secondaire | E98: Commerçante | F98: Urbain | G98: 4 | H98: 3 | I98: Non | J98: Non | K98: Oui | L98: Non | M98: 32 | N98: 1 | O98: Unique | P98: 30.8 | Q98: 109 | R98: 71 | S98: Négative | T98: Non applicable | U98: Normotendue | V98: Non | W98: =IF(B98="","",IF(B98<=19,"Moins de 20 ans",IF(B98<=29,"20-29 ans",IF(B98<=34,"30-34 ans","35 ans et plus")))) -> 30-34 ans | X98: =IF(H98="","",IF(H98=0,"Nullipare (0)",IF(H98<=2,"1-2 accouchements","3 accouchements et plus"))) -> 3 accouchements et plus | Y98: =IF(N98="","",IF(N98<=3,"Moins de 4 CPN",IF(N98<=7,"4 à 7 CPN","8 CPN et plus"))) -> Moins de 4 CPN | Z98: =IF(M98="","",IF(M98<=27,"20-27 SA",IF(M98<=36,"28-36 SA","37 SA et plus"))) -> 28-36 SA | AA98: =RANK(B98,$B$2:$B$401,1)+(COUNTIF($B$2:$B$401,B98)-1)/2 -> 319.5 | AB98: =IF(AND(H98>=1,OR(I98="Oui",I98="Non")),1,0) -> 1
A99: F098 | B99: 24 | C99: Union libre | D99: Aucun | E99: Commerçante | F99: Urbain | G99: 2 | H99: 1 | I99: Non | J99: Non | K99: Non | L99: Non | M99: 28 | N99: 3 | O99: Unique | P99: 20.6 | Q99: 106 | R99: 66 | S99: Négative | T99: Non applicable | U99: Normotendue | V99: Non | W99: =IF(B99="","",IF(B99<=19,"Moins de 20 ans",IF(B99<=29,"20-29 ans",IF(B99<=34,"30-34 ans","35 ans et plus")))) -> 20-29 ans | X99: =IF(H99="","",IF(H99=0,"Nullipare (0)",IF(H99<=2,"1-2 accouchements","3 accouchements et plus"))) -> 1-2 accouchements | Y99: =IF(N99="","",IF(N99<=3,"Moins de 4 CPN",IF(N99<=7,"4 à 7 CPN","8 CPN et plus"))) -> Moins de 4 CPN | Z99: =IF(M99="","",IF(M99<=27,"20-27 SA",IF(M99<=36,"28-36 SA","37 SA et plus"))) -> 28-36 SA | AA99: =RANK(B99,$B$2:$B$401,1)+(COUNTIF($B$2:$B$401,B99)-1)/2 -> 139.5 | AB99: =IF(AND(H99>=1,OR(I99="Oui",I99="Non")),1,0) -> 1
A100: F099 | B100: 19 | C100: Union libre | D100: Primaire | E100: Commerçante | F100: Rural | G100: 3 | H100: 1 | I100: Non | J100: Non | K100: Non | L100: Non | M100: 39 | N100: 2 | O100: Unique | P100: 23.8 | Q100: 104 | R100: 66 | S100: Négative | T100: Non applicable | U100: Normotendue | V100: Non | W100: =IF(B100="","",IF(B100<=19,"Moins de 20 ans",IF(B100<=29,"20-29 ans",IF(B100<=34,"30-34 ans","35 ans et plus")))) -> Moins de 20 ans | X100: =IF(H100="","",IF(H100=0,"Nullipare (0)",IF(H100<=2,"1-2 accouchements","3 accouchements et plus"))) -> 1-2 accouchements | Y100: =IF(N100="","",IF(N100<=3,"Moins de 4 CPN",IF(N100<=7,"4 à 7 CPN","8 CPN et plus"))) -> Moins de 4 CPN | Z100: =IF(M100="","",IF(M100<=27,"20-27 SA",IF(M100<=36,"28-36 SA","37 SA et plus"))) -> 37 SA et plus | AA100: =RANK(B100,$B$2:$B$401,1)+(COUNTIF($B$2:$B$401,B100)-1)/2 -> 14.5 | AB100: =IF(AND(H100>=1,OR(I100="Oui",I100="Non")),1,0) -> 1
A101: F100 | B101: 24 | C101: Mariée | D101: Secondaire | E101: Artisane | F101: Urbain | G101: 3 | H101: 1 | I101: Non | J101: Non | K101: Oui | L101: Non | M101: 33 | N101: 8 | O101: Unique | P101: 19.7 | Q101: 109 | R101: 63 | S101: Négative | T101: Non applicable | U101: Normotendue | V101: Non | W101: =IF(B101="","",IF(B101<=19,"Moins de 20 ans",IF(B101<=29,"20-29 ans",IF(B101<=34,"30-34 ans","35 ans et plus")))) -> 20-29 ans | X101: =IF(H101="","",IF(H101=0,"Nullipare (0)",IF(H101<=2,"1-2 accouchements","3 accouchements et plus"))) -> 1-2 accouchements | Y101: =IF(N101="","",IF(N101<=3,"Moins de 4 CPN",IF(N101<=7,"4 à 7 CPN","8 CPN et plus"))) -> 8 CPN et plus | Z101: =IF(M101="","",IF(M101<=27,"20-27 SA",IF(M101<=36,"28-36 SA","37 SA et plus"))) -> 28-36 SA | AA101: =RANK(B101,$B$2:$B$401,1)+(COUNTIF($B$2:$B$401,B101)-1)/2 -> 139.5 | AB101: =IF(AND(H101>=1,OR(I101="Oui",I101="Non")),1,0) -> 1
A102: F101 | B102: 25 | C102: Mariée | D102: Primaire | E102: Artisane | F102: Rural | G102: 2 | H102: 1 | I102: Oui | J102: Non | K102: Non | L102: Non | M102: 26 | N102: 3 | O102: Unique | P102: 26.5 | Q102: 105 | R102: 62 | S102: Négative | T102: Non applicable | U102: Normotendue | V102: Non | W102: =IF(B102="","",IF(B102<=19,"Moins de 20 ans",IF(B102<=29,"20-29 ans",IF(B102<=34,"30-34 ans","35 ans et plus")))) -> 20-29 ans | X102: =IF(H102="","",IF(H102=0,"Nullipare (0)",IF(H102<=2,"1-2 accouchements","3 accouchements et plus"))) -> 1-2 accouchements | Y102: =IF(N102="","",IF(N102<=3,"Moins de 4 CPN",IF(N102<=7,"4 à 7 CPN","8 CPN et plus"))) -> Moins de 4 CPN | Z102: =IF(M102="","",IF(M102<=27,"20-27 SA",IF(M102<=36,"28-36 SA","37 SA et plus"))) -> 20-27 SA | AA102: =RANK(B102,$B$2:$B$401,1)+(COUNTIF($B$2:$B$401,B102)-1)/2 -> 173 | AB102: =IF(AND(H102>=1,OR(I102="Oui",I102="Non")),1,0) -> 1
A103: F102 | B103: 28 | C103: Mariée | D103: Secondaire | E103: Élève/Étudiante | F103: Urbain | G103: 5 | H103: 3 | I103: Non | J103: Non | K103: Non | L103: Non | M103: 41 | N103: 4 | O103: Unique | P103: 25 | Q103: 110 | R103: 69 | S103: Négative | T103: Non applicable | U103: Normotendue | V103: Non | W103: =IF(B103="","",IF(B103<=19,"Moins de 20 ans",IF(B103<=29,"20-29 ans",IF(B103<=34,"30-34 ans","35 ans et plus")))) -> 20-29 ans | X103: =IF(H103="","",IF(H103=0,"Nullipare (0)",IF(H103<=2,"1-2 accouchements","3 accouchements et plus"))) -> 3 accouchements et plus | Y103: =IF(N103="","",IF(N103<=3,"Moins de 4 CPN",IF(N103<=7,"4 à 7 CPN","8 CPN et plus"))) -> 4 à 7 CPN | Z103: =IF(M103="","",IF(M103<=27,"20-27 SA",IF(M103<=36,"28-36 SA","37 SA et plus"))) -> 37 SA et plus | AA103: =RANK(B103,$B$2:$B$401,1)+(COUNTIF($B$2:$B$401,B103)-1)/2 -> 276 | AB103: =IF(AND(H103>=1,OR(I103="Oui",I103="Non")),1,0) -> 1
A104: F103 | B104: 19 | C104: Célibataire | D104: Primaire | E104: Élève/Étudiante | F104: Urbain | G104: 1 | H104: 0 | I104: Non applicable | J104: Non | K104: Oui | L104: Non | M104: 30 | N104: 8 | O104: Unique | P104: 25.9 | Q104: 114 | R104: 78 | S104: Négative | T104: Non applicable | U104: Normotendue | V104: Non | W104: =IF(B104="","",IF(B104<=19,"Moins de 20 ans",IF(B104<=29,"20-29 ans",IF(B104<=34,"30-34 ans","35 ans et plus")))) -> Moins de 20 ans | X104: =IF(H104="","",IF(H104=0,"Nullipare (0)",IF(H104<=2,"1-2 accouchements","3 accouchements et plus"))) -> Nullipare (0) | Y104: =IF(N104="","",IF(N104<=3,"Moins de 4 CPN",IF(N104<=7,"4 à 7 CPN","8 CPN et plus"))) -> 8 CPN et plus | Z104: =IF(M104="","",IF(M104<=27,"20-27 SA",IF(M104<=36,"28-36 SA","37 SA et plus"))) -> 28-36 SA | AA104: =RANK(B104,$B$2:$B$401,1)+(COUNTIF($B$2:$B$401,B104)-1)/2 -> 14.5 | AB104: =IF(AND(H104>=1,OR(I104="Oui",I104="Non")),1,0) -> 0
A105: F104 | B105: 19 | C105: Célibataire | D105: Secondaire | E105: Ménagère | F105: Urbain | G105: 2 | H105: 1 | I105: Non | J105: Non | K105: Oui | L105: Non | M105: 40 | O105: Unique | P105: 26.2 | Q105: 116 | R105: 68 | S105: Négative | T105: Non applicable | U105: Normotendue | V105: Non | W105: =IF(B105="","",IF(B105<=19,"Moins de 20 ans",IF(B105<=29,"20-29 ans",IF(B105<=34,"30-34 ans","35 ans et plus")))) -> Moins de 20 ans | X105: =IF(H105="","",IF(H105=0,"Nullipare (0)",IF(H105<=2,"1-2 accouchements","3 accouchements et plus"))) -> 1-2 accouchements | Y105: =IF(N105="","",IF(N105<=3,"Moins de 4 CPN",IF(N105<=7,"4 à 7 CPN","8 CPN et plus"))) | Z105: =IF(M105="","",IF(M105<=27,"20-27 SA",IF(M105<=36,"28-36 SA","37 SA et plus"))) -> 37 SA et plus | AA105: =RANK(B105,$B$2:$B$401,1)+(COUNTIF($B$2:$B$401,B105)-1)/2 -> 14.5 | AB105: =IF(AND(H105>=1,OR(I105="Oui",I105="Non")),1,0) -> 1
A106: F105 | B106: 27 | C106: Mariée | D106: Aucun | E106: Ménagère | F106: Rural | G106: 3 | H106: 2 | I106: Non | J106: Non | K106: Non | L106: Non | M106: 26 | N106: 1 | O106: Unique | P106: 27.5 | Q106: 124 | R106: 74 | S106: Négative | T106: Non applicable | U106: Normotendue | V106: Non | W106: =IF(B106="","",IF(B106<=19,"Moins de 20 ans",IF(B106<=29,"20-29 ans",IF(B106<=34,"30-34 ans","35 ans et plus")))) -> 20-29 ans | X106: =IF(H106="","",IF(H106=0,"Nullipare (0)",IF(H106<=2,"1-2 accouchements","3 accouchements et plus"))) -> 1-2 accouchements | Y106: =IF(N106="","",IF(N106<=3,"Moins de 4 CPN",IF(N106<=7,"4 à 7 CPN","8 CPN et plus"))) -> Moins de 4 CPN | Z106: =IF(M106="","",IF(M106<=27,"20-27 SA",IF(M106<=36,"28-36 SA","37 SA et plus"))) -> 20-27 SA | AA106: =RANK(B106,$B$2:$B$401,1)+(COUNTIF($B$2:$B$401,B106)-1)/2 -> 243 | AB106: =IF(AND(H106>=1,OR(I106="Oui",I106="Non")),1,0) -> 1
A107: F106 | B107: 25 | C107: Mariée | D107: Aucun | E107: Ménagère | F107: Rural | G107: 1 | H107: 0 | I107: Non applicable | J107: Non | K107: Oui | L107: Non | M107: 34 | N107: 2 | O107: Unique | P107: 30 | Q107: 117 | R107: 72 | S107: Négative | T107: Non applicable | U107: Normotendue | V107: Non | W107: =IF(B107="","",IF(B107<=19,"Moins de 20 ans",IF(B107<=29,"20-29 ans",IF(B107<=34,"30-34 ans","35 ans et plus")))) -> 20-29 ans | X107: =IF(H107="","",IF(H107=0,"Nullipare (0)",IF(H107<=2,"1-2 accouchements","3 accouchements et plus"))) -> Nullipare (0) | Y107: =IF(N107="","",IF(N107<=3,"Moins de 4 CPN",IF(N107<=7,"4 à 7 CPN","8 CPN et plus"))) -> Moins de 4 CPN | Z107: =IF(M107="","",IF(M107<=27,"20-27 SA",IF(M107<=36,"28-36 SA","37 SA et plus"))) -> 28-36 SA | AA107: =RANK(B107,$B$2:$B$401,1)+(COUNTIF($B$2:$B$401,B107)-1)/2 -> 173 | AB107: =IF(AND(H107>=1,OR(I107="Oui",I107="Non")),1,0) -> 0
A108: F107 | B108: 24 | C108: Veuve/divorcée | D108: Aucun | E108: Ménagère | F108: Urbain | G108: 2 | H108: 1 | I108: Non | J108: Non | K108: Non | L108: Non | M108: 34 | N108: 3 | O108: Multiple | P108: 18.3 | Q108: 96 | R108: 59 | S108: Négative | T108: Non applicable | U108: Normotendue | V108: Non | W108: =IF(B108="","",IF(B108<=19,"Moins de 20 ans",IF(B108<=29,"20-29 ans",IF(B108<=34,"30-34 ans","35 ans et plus")))) -> 20-29 ans | X108: =IF(H108="","",IF(H108=0,"Nullipare (0)",IF(H108<=2,"1-2 accouchements","3 accouchements et plus"))) -> 1-2 accouchements | Y108: =IF(N108="","",IF(N108<=3,"Moins de 4 CPN",IF(N108<=7,"4 à 7 CPN","8 CPN et plus"))) -> Moins de 4 CPN | Z108: =IF(M108="","",IF(M108<=27,"20-27 SA",IF(M108<=36,"28-36 SA","37 SA et plus"))) -> 28-36 SA | AA108: =RANK(B108,$B$2:$B$401,1)+(COUNTIF($B$2:$B$401,B108)-1)/2 -> 139.5 | AB108: =IF(AND(H108>=1,OR(I108="Oui",I108="Non")),1,0) -> 1
A109: F108 | B109: 26 | C109: Mariée | D109: Primaire | E109: Ménagère | F109: Urbain | G109: 2 | H109: 1 | I109: Non | J109: Non | K109: Non | L109: Non | M109: 24 | N109: 1 | O109: Unique | P109: 23.8 | Q109: 110 | R109: 67 | S109: Négative | T109: Non applicable | U109: Normotendue | V109: Non | W109: =IF(B109="","",IF(B109<=19,"Moins de 20 ans",IF(B109<=29,"20-29 ans",IF(B109<=34,"30-34 ans","35 ans et plus")))) -> 20-29 ans | X109: =IF(H109="","",IF(H109=0,"Nullipare (0)",IF(H109<=2,"1-2 accouchements","3 accouchements et plus"))) -> 1-2 accouchements | Y109: =IF(N109="","",IF(N109<=3,"Moins de 4 CPN",IF(N109<=7,"4 à 7 CPN","8 CPN et plus"))) -> Moins de 4 CPN | Z109: =IF(M109="","",IF(M109<=27,"20-27 SA",IF(M109<=36,"28-36 SA","37 SA et plus"))) -> 20-27 SA | AA109: =RANK(B109,$B$2:$B$401,1)+(COUNTIF($B$2:$B$401,B109)-1)/2 -> 206 | AB109: =IF(AND(H109>=1,OR(I109="Oui",I109="Non")),1,0) -> 1
...

Sheet Dictionnaire
A1: Dictionnaire des variables
A2: Données entièrement synthétiques (fictives) – usage pédagogique exclusivement
A4: Colonne | B4: Variable | C4: Signification | D4: Type statistique | E4: Unité | F4: Codage / modalités | G4: Valeurs manquantes (formule) | H4: Signification des manquants
A5: A | B5: id_patiente | C5: Identifiant anonymisé de la patiente (fictif) | D5: Qualitative (identifiant) | E5: – | F5: F001 à F400 | G5: =COUNTBLANK(Donnees!$A$2:$A$401) -> 0 | H5: –
A6: B | B6: age_ans | C6: Âge de la femme à l'inclusion | D6: Quantitative discrète | E6: années | F6: Nombre entier (observé : 17 à 45) | G6: =COUNTBLANK(Donnees!$B$2:$B$401) -> 0 | H6: –
A7: C | B7: situation_matrimoniale | C7: Situation matrimoniale | D7: Qualitative nominale | E7: – | F7: Mariée ; Union libre ; Célibataire ; Veuve/divorcée | G7: =COUNTBLANK(Donnees!$C$2:$C$401) -> 0 | H7: –
A8: D | B8: niveau_instruction | C8: Plus haut niveau d'études atteint | D8: Qualitative ordinale | E8: – | F8: Aucun ; Primaire ; Secondaire ; Supérieur | G8: =COUNTBLANK(Donnees!$D$2:$D$401) -> 6 | H8: non renseigné
A9: E | B9: profession | C9: Profession principale | D9: Qualitative nominale | E9: – | F9: Ménagère ; Commerçante ; Agricultrice ; Élève/Étudiante ; Artisane ; Salariée | G9: =COUNTBLANK(Donnees!$E$2:$E$401) -> 8 | H9: non renseignée
A10: F | B10: milieu_residence | C10: Milieu de résidence | D10: Qualitative nominale (2 modalités) | E10: – | F10: Urbain ; Rural | G10: =COUNTBLANK(Donnees!$F$2:$F$401) -> 0 | H10: –
A11: G | B11: gestite | C11: Nombre total de grossesses, y compris la grossesse actuelle et les pertes (fausses couches, avortements) | D11: Quantitative discrète | E11: nombre | F11: 1, 2, 3 … (toujours ≥ parité + 1) | G11: =COUNTBLANK(Donnees!$G$2:$G$401) -> 0 | H11: –
A12: H | B12: parite | C12: Nombre d'accouchements antérieurs (≥ 28 SA). La grossesse actuelle n'est pas comptée | D12: Quantitative discrète | E12: nombre | F12: 0 = nullipare ; 1, 2, 3 … | G12: =COUNTBLANK(Donnees!$H$2:$H$401) -> 0 | H12: –
A13: I | B13: atcd_preeclampsie | C13: Antécédent personnel de prééclampsie lors d'une grossesse précédente | D13: Qualitative nominale | E13: – | F13: Oui ; Non ; Non applicable (aucune grossesse antérieure : parité = 0) | G13: =COUNTBLANK(Donnees!$I$2:$I$401) -> 6 | H13: information non retrouvée dans le dossier (femmes déjà accouchées)
A14: J | B14: atcd_hta_chronique | C14: HTA connue avant la grossesse (ou avant 20 SA) | D14: Qualitative nominale (2 modalités) | E14: – | F14: Oui ; Non | G14: =COUNTBLANK(Donnees!$J$2:$J$401) -> 0 | H14: –
A15: K | B15: atcd_familial_hta | C15: Antécédent familial d'HTA (mère ou sœur) | D15: Qualitative nominale (2 modalités) | E15: – | F15: Oui ; Non | G15: =COUNTBLANK(Donnees!$K$2:$K$401) -> 12 | H15: non renseigné
A16: L | B16: atcd_diabete | C16: Diabète connu avant la grossesse | D16: Qualitative nominale (2 modalités) | E16: – | F16: Oui ; Non | G16: =COUNTBLANK(Donnees!$L$2:$L$401) -> 5 | H16: non renseigné
A17: M | B17: age_gestationnel_sa | C17: Âge gestationnel au moment du diagnostic ou de la dernière consultation | D17: Quantitative discrète | E17: semaines d'aménorrhée (SA) | F17: 20 à 41 | G17: =COUNTBLANK(Donnees!$M$2:$M$401) -> 0 | H17: –
A18: N | B18: nb_cpn | C18: Nombre de consultations prénatales (CPN) effectuées | D18: Quantitative discrète | E18: nombre | F18: 0 à 10 | G18: =COUNTBLANK(Donnees!$N$2:$N$401) -> 10 | H18: non renseigné
A19: O | B19: type_grossesse | C19: Type de grossesse | D19: Qualitative nominale (2 modalités) | E19: – | F19: Unique ; Multiple | G19: =COUNTBLANK(Donnees!$O$2:$O$401) -> 0 | H19: –
A20: P | B20: imc | C20: Indice de masse corporelle à la 1re consultation prénatale | D20: Quantitative continue | E20: kg/m² | F20: Nombre décimal (observé : 16,0 à 36,2) | G20: =COUNTBLANK(Donnees!$P$2:$P$401) -> 30 | H20: poids ou taille non mesuré
A21: Q | B21: pas_mmhg | C21: Pression artérielle systolique retenue pour le diagnostic (valeur confirmée) | D21: Quantitative discrète | E21: mmHg | F21: Nombre entier | G21: =COUNTBLANK(Donnees!$Q$2:$Q$401) -> 0 | H21: –
A22: R | B22: pad_mmhg | C22: Pression artérielle diastolique retenue pour le diagnostic (valeur confirmée) | D22: Quantitative discrète | E22: mmHg | F22: Nombre entier | G22: =COUNTBLANK(Donnees!$R$2:$R$401) -> 0 | H22: –
A23: S | B23: proteinurie | C23: Protéinurie à la bandelette urinaire | D23: Qualitative ordinale | E23: – | F23: Négative ; Traces ; 1+ ; 2+ ; 3+ (≥ 1+ = positive) | G23: =COUNTBLANK(Donnees!$S$2:$S$401) -> 0 | H23: –
A24: T | B24: signes_gravite | C24: Présence d'un signe de gravité : PA ≥ 160/110 mmHg ou signe clinique/biologique d'atteinte d'organe (céphalées persistantes, troubles visuels, douleur épigastrique, etc.) | D24: Qualitative nominale | E24: – | F24: Oui ; Non ; Non applicable (femme sans prééclampsie) | G24: =COUNTBLANK(Donnees!$T$2:$T$401) -> 0 | H24: –
A25: U | B25: type_diagnostic | C25: Diagnostic final retenu (5 catégories exclusives) | D25: Qualitative nominale | E25: – | F25: Normotendue ; HTA gestationnelle ; HTA chronique seule ; Prééclampsie ; Prééclampsie surajoutée | G25: =COUNTBLANK(Donnees!$U$2:$U$401) -> 0 | H25: –
A26: V | B26: preeclampsie | C26: VARIABLE PRINCIPALE. Prééclampsie, toutes formes confondues (= Prééclampsie ou Prééclampsie surajoutée) | D26: Qualitative nominale (2 modalités) | E26: – | F26: Oui ; Non | G26: =COUNTBLANK(Donnees!$V$2:$V$401) -> 0 | H26: –
A28: Une cellule vide dans la feuille Donnees correspond à NA (donnée manquante). « Non applicable » est une vraie modalité, à ne pas confondre avec une donnée manquante.

Sheet 1_Exploration
A1: Section 2 – Exploration du jeu de données
A2: Équivalent de dim(), names(), str(), summary(), colSums(is.na()) et head() dans R
A4: Dimensions du jeu de données (dim)
A5: Nombre d'observations (femmes) | B5: =COUNTA(Donnees!$A$2:$A$401) -> 400
A6: Nombre de variables (colonnes d'origine) | B6: =COUNTA(Donnees!$A$1:$V$1) -> 22
A8: Variables, type et valeurs manquantes (names, str, colSums(is.na))
A9: Variable | B9: Type | C9: Effectif renseigné | D9: Valeurs manquantes | E9: % manquant
A10: id_patiente | B10: Qualitative (identifiant) | C10: =COUNTA(Donnees!$A$2:$A$401) -> 400 | D10: =COUNTBLANK(Donnees!$A$2:$A$401) -> 0 | E10: =D10/$B$5*100 -> 0
A11: age_ans | B11: Quantitative discrète | C11: =COUNTA(Donnees!$B$2:$B$401) -> 400 | D11: =COUNTBLANK(Donnees!$B$2:$B$401) -> 0 | E11: =D11/$B$5*100 -> 0
A12: situation_matrimoniale | B12: Qualitative nominale | C12: =COUNTA(Donnees!$C$2:$C$401) -> 400 | D12: =COUNTBLANK(Donnees!$C$2:$C$401) -> 0 | E12: =D12/$B$5*100 -> 0
A13: niveau_instruction | B13: Qualitative ordinale | C13: =COUNTA(Donnees!$D$2:$D$401) -> 394 | D13: =COUNTBLANK(Donnees!$D$2:$D$401) -> 6 | E13: =D13/$B$5*100 -> 1.5
A14: profession | B14: Qualitative nominale | C14: =COUNTA(Donnees!$E$2:$E$401) -> 392 | D14: =COUNTBLANK(Donnees!$E$2:$E$401) -> 8 | E14: =D14/$B$5*100 -> 2
A15: milieu_residence | B15: Qualitative nominale (2 modalités) | C15: =COUNTA(Donnees!$F$2:$F$401) -> 400 | D15: =COUNTBLANK(Donnees!$F$2:$F$401) -> 0 | E15: =D15/$B$5*100 -> 0
A16: gestite | B16: Quantitative discrète | C16: =COUNTA(Donnees!$G$2:$G$401) -> 400 | D16: =COUNTBLANK(Donnees!$G$2:$G$401) -> 0 | E16: =D16/$B$5*100 -> 0
A17: parite | B17: Quantitative discrète | C17: =COUNTA(Donnees!$H$2:$H$401) -> 400 | D17: =COUNTBLANK(Donnees!$H$2:$H$401) -> 0 | E17: =D17/$B$5*100 -> 0
A18: atcd_preeclampsie | B18: Qualitative nominale | C18: =COUNTA(Donnees!$I$2:$I$401) -> 394 | D18: =COUNTBLANK(Donnees!$I$2:$I$401) -> 6 | E18: =D18/$B$5*100 -> 1.5
A19: atcd_hta_chronique | B19: Qualitative nominale (2 modalités) | C19: =COUNTA(Donnees!$J$2:$J$401) -> 400 | D19: =COUNTBLANK(Donnees!$J$2:$J$401) -> 0 | E19: =D19/$B$5*100 -> 0
A20: atcd_familial_hta | B20: Qualitative nominale (2 modalités) | C20: =COUNTA(Donnees!$K$2:$K$401) -> 388 | D20: =COUNTBLANK(Donnees!$K$2:$K$401) -> 12 | E20: =D20/$B$5*100 -> 3
A21: atcd_diabete | B21: Qualitative nominale (2 modalités) | C21: =COUNTA(Donnees!$L$2:$L$401) -> 395 | D21: =COUNTBLANK(Donnees!$L$2:$L$401) -> 5 | E21: =D21/$B$5*100 -> 1.25
A22: age_gestationnel_sa | B22: Quantitative discrète | C22: =COUNTA(Donnees!$M$2:$M$401) -> 400 | D22: =COUNTBLANK(Donnees!$M$2:$M$401) -> 0 | E22: =D22/$B$5*100 -> 0
A23: nb_cpn | B23: Quantitative discrète | C23: =COUNTA(Donnees!$N$2:$N$401) -> 390 | D23: =COUNTBLANK(Donnees!$N$2:$N$401) -> 10 | E23: =D23/$B$5*100 -> 2.5
A24: type_grossesse | B24: Qualitative nominale (2 modalités) | C24: =COUNTA(Donnees!$O$2:$O$401) -> 400 | D24: =COUNTBLANK(Donnees!$O$2:$O$401) -> 0 | E24: =D24/$B$5*100 -> 0
A25: imc | B25: Quantitative continue | C25: =COUNTA(Donnees!$P$2:$P$401) -> 370 | D25: =COUNTBLANK(Donnees!$P$2:$P$401) -> 30 | E25: =D25/$B$5*100 -> 7.5
A26: pas_mmhg | B26: Quantitative discrète | C26: =COUNTA(Donnees!$Q$2:$Q$401) -> 400 | D26: =COUNTBLANK(Donnees!$Q$2:$Q$401) -> 0 | E26: =D26/$B$5*100 -> 0
A27: pad_mmhg | B27: Quantitative discrète | C27: =COUNTA(Donnees!$R$2:$R$401) -> 400 | D27: =COUNTBLANK(Donnees!$R$2:$R$401) -> 0 | E27: =D27/$B$5*100 -> 0
A28: proteinurie | B28: Qualitative ordinale | C28: =COUNTA(Donnees!$S$2:$S$401) -> 400 | D28: =COUNTBLANK(Donnees!$S$2:$S$401) -> 0 | E28: =D28/$B$5*100 -> 0
A29: signes_gravite | B29: Qualitative nominale | C29: =COUNTA(Donnees!$T$2:$T$401) -> 400 | D29: =COUNTBLANK(Donnees!$T$2:$T$401) -> 0 | E29: =D29/$B$5*100 -> 0
A30: type_diagnostic | B30: Qualitative nominale | C30: =COUNTA(Donnees!$U$2:$U$401) -> 400 | D30: =COUNTBLANK(Donnees!$U$2:$U$401) -> 0 | E30: =D30/$B$5*100 -> 0
A31: preeclampsie | B31: Qualitative nominale (2 modalités) | C31: =COUNTA(Donnees!$V$2:$V$401) -> 400 | D31: =COUNTBLANK(Donnees!$V$2:$V$401) -> 0 | E31: =D31/$B$5*100 -> 0
A33: Résumé des variables quantitatives (summary)
A34: Variable | B34: N valides | C34: Minimum | D34: 1er quartile | E34: Médiane | F34: Moyenne | G34: 3e quartile | H34: Maximum
A35: age_ans | B35: =COUNT(Donnees!$B$2:$B$401) -> 400 | C35: =MIN(Donnees!$B$2:$B$401) -> 17 | D35: =QUARTILE(Donnees!$B$2:$B$401,1) -> 23 | E35: =MEDIAN(Donnees!$B$2:$B$401) -> 26 | F35: =AVERAGE(Donnees!$B$2:$B$401) -> 26.405 | G35: =QUARTILE(Donnees!$B$2:$B$401,3) -> 29 | H35: =MAX(Donnees!$B$2:$B$401) -> 45
A36: gestite | B36: =COUNT(Donnees!$G$2:$G$401) -> 400 | C36: =MIN(Donnees!$G$2:$G$401) -> 1 | D36: =QUARTILE(Donnees!$G$2:$G$401,1) -> 2 | E36: =MEDIAN(Donnees!$G$2:$G$401) -> 2 | F36: =AVERAGE(Donnees!$G$2:$G$401) -> 2.7475 | G36: =QUARTILE(Donnees!$G$2:$G$401,3) -> 4 | H36: =MAX(Donnees!$G$2:$G$401) -> 10
A37: parite | B37: =COUNT(Donnees!$H$2:$H$401) -> 400 | C37: =MIN(Donnees!$H$2:$H$401) -> 0 | D37: =QUARTILE(Donnees!$H$2:$H$401,1) -> 0 | E37: =MEDIAN(Donnees!$H$2:$H$401) -> 1 | F37: =AVERAGE(Donnees!$H$2:$H$401) -> 1.5725 | G37: =QUARTILE(Donnees!$H$2:$H$401,3) -> 2 | H37: =MAX(Donnees!$H$2:$H$401) -> 8
A38: age_gestationnel_sa | B38: =COUNT(Donnees!$M$2:$M$401) -> 400 | C38: =MIN(Donnees!$M$2:$M$401) -> 21 | D38: =QUARTILE(Donnees!$M$2:$M$401,1) -> 32 | E38: =MEDIAN(Donnees!$M$2:$M$401) -> 35 | F38: =AVERAGE(Donnees!$M$2:$M$401) -> 34.3675 | G38: =QUARTILE(Donnees!$M$2:$M$401,3) -> 38 | H38: =MAX(Donnees!$M$2:$M$401) -> 41
A39: nb_cpn | B39: =COUNT(Donnees!$N$2:$N$401) -> 390 | C39: =MIN(Donnees!$N$2:$N$401) -> 0 | D39: =QUARTILE(Donnees!$N$2:$N$401,1) -> 2 | E39: =MEDIAN(Donnees!$N$2:$N$401) -> 3 | F39: =AVERAGE(Donnees!$N$2:$N$401) -> 3.5948718 | G39: =QUARTILE(Donnees!$N$2:$N$401,3) -> 5 | H39: =MAX(Donnees!$N$2:$N$401) -> 10
A40: imc | B40: =COUNT(Donnees!$P$2:$P$401) -> 370 | C40: =MIN(Donnees!$P$2:$P$401) -> 16 | D40: =QUARTILE(Donnees!$P$2:$P$401,1) -> 21.4 | E40: =MEDIAN(Donnees!$P$2:$P$401) -> 23.85 | F40: =AVERAGE(Donnees!$P$2:$P$401) -> 24.169459 | G40: =QUARTILE(Donnees!$P$2:$P$401,3) -> 26.5 | H40: =MAX(Donnees!$P$2:$P$401) -> 36.2
A41: pas_mmhg | B41: =COUNT(Donnees!$Q$2:$Q$401) -> 400 | C41: =MIN(Donnees!$Q$2:$Q$401) -> 90 | D41: =QUARTILE(Donnees!$Q$2:$Q$401,1) -> 106 | E41: =MEDIAN(Donnees!$Q$2:$Q$401) -> 112 | F41: =AVERAGE(Donnees!$Q$2:$Q$401) -> 117.51 | G41: =QUARTILE(Donnees!$Q$2:$Q$401,3) -> 121 | H41: =MAX(Donnees!$Q$2:$Q$401) -> 180
A42: pad_mmhg | B42: =COUNT(Donnees!$R$2:$R$401) -> 400 | C42: =MIN(Donnees!$R$2:$R$401) -> 52 | D42: =QUARTILE(Donnees!$R$2:$R$401,1) -> 66 | E42: =MEDIAN(Donnees!$R$2:$R$401) -> 70 | F42: =AVERAGE(Donnees!$R$2:$R$401) -> 73.4125 | G42: =QUARTILE(Donnees!$R$2:$R$401,3) -> 76 | H42: =MAX(Donnees!$R$2:$R$401) -> 110
A44: Aperçu des 6 premières patientes (head)
A45: id_patiente | B45: age_ans | C45: niveau_instruction | D45: milieu_residence | E45: parite | F45: atcd_hta_chronique | G45: age_gestationnel_sa | H45: preeclampsie
A46: =IF(Donnees!A2="","",Donnees!A2) -> F001 | B46: =IF(Donnees!B2="","",Donnees!B2) -> 24 | C46: =IF(Donnees!D2="","",Donnees!D2) -> Secondaire | D46: =IF(Donnees!F2="","",Donnees!F2) -> Urbain | E46: =IF(Donnees!H2="","",Donnees!H2) -> 2 | F46: =IF(Donnees!J2="","",Donnees!J2) -> Non | G46: =IF(Donnees!M2="","",Donnees!M2) -> 36 | H46: =IF(Donnees!V2="","",Donnees!V2) -> Non
A47: =IF(Donnees!A3="","",Donnees!A3) -> F002 | B47: =IF(Donnees!B3="","",Donnees!B3) -> 24 | C47: =IF(Donnees!D3="","",Donnees!D3) -> Secondaire | D47: =IF(Donnees!F3="","",Donnees!F3) -> Urbain | E47: =IF(Donnees!H3="","",Donnees!H3) -> 1 | F47: =IF(Donnees!J3="","",Donnees!J3) -> Non | G47: =IF(Donnees!M3="","",Donnees!M3) -> 40 | H47: =IF(Donnees!V3="","",Donnees!V3) -> Non
A48: =IF(Donnees!A4="","",Donnees!A4) -> F003 | B48: =IF(Donnees!B4="","",Donnees!B4) -> 34 | C48: =IF(Donnees!D4="","",Donnees!D4) -> Primaire | D48: =IF(Donnees!F4="","",Donnees!F4) -> Rural | E48: =IF(Donnees!H4="","",Donnees!H4) -> 0 | F48: =IF(Donnees!J4="","",Donnees!J4) -> Non | G48: =IF(Donnees!M4="","",Donnees!M4) -> 33 | H48: =IF(Donnees!V4="","",Donnees!V4) -> Non
A49: =IF(Donnees!A5="","",Donnees!A5) -> F004 | B49: =IF(Donnees!B5="","",Donnees!B5) -> 20 | C49: =IF(Donnees!D5="","",Donnees!D5) -> Secondaire | D49: =IF(Donnees!F5="","",Donnees!F5) -> Rural | E49: =IF(Donnees!H5="","",Donnees!H5) -> 0 | F49: =IF(Donnees!J5="","",Donnees!J5) -> Non | G49: =IF(Donnees!M5="","",Donnees!M5) -> 34 | H49: =IF(Donnees!V5="","",Donnees!V5) -> Non
A50: =IF(Donnees!A6="","",Donnees!A6) -> F005 | B50: =IF(Donnees!B6="","",Donnees!B6) -> 20 | C50: =IF(Donnees!D6="","",Donnees!D6) -> Secondaire | D50: =IF(Donnees!F6="","",Donnees!F6) -> Urbain | E50: =IF(Donnees!H6="","",Donnees!H6) -> 0 | F50: =IF(Donnees!J6="","",Donnees!J6) -> Non | G50: =IF(Donnees!M6="","",Donnees!M6) -> 33 | H50: =IF(Donnees!V6="","",Donnees!V6) -> Non
A51: =IF(Donnees!A7="","",Donnees!A7) -> F006 | B51: =IF(Donnees!B7="","",Donnees!B7) -> 24 | C51: =IF(Donnees!D7="","",Donnees!D7) -> Secondaire | D51: =IF(Donnees!F7="","",Donnees!F7) -> Rural | E51: =IF(Donnees!H7="","",Donnees!H7) -> 0 | F51: =IF(Donnees!J7="","",Donnees!J7) -> Non | G51: =IF(Donnees!M7="","",Donnees!M7) -> 35 | H51: =IF(Donnees!V7="","",Donnees!V7) -> Non

Sheet 2_Description
A1: Partie A – Description de la population (Questions 1 à 3)
A2: Les pourcentages sont calculés sur les effectifs valides (hors données manquantes)
A4: QUESTION 1 : Quel est l'âge moyen des femmes enceintes incluses dans l'étude ?
A5: Statistique | B5: Valeur | D5: Histogramme (Graphique 1) : effectifs par classe d'âge
A6: Effectif valide | B6: =COUNT(Donnees!$B$2:$B$401) -> 400 | D6: Classe (ans) | E6: Borne basse (exclue) | F6: Borne haute (incluse) | G6: Effectif
A7: Moyenne | B7: =AVERAGE(Donnees!$B$2:$B$401) -> 26.405 | D7: =(E7+1)&"-"&F7 -> 15-16 | E7: 14 | F7: =E7+2 -> 16 | G7: =COUNTIFS(Donnees!$B$2:$B$401,">"&E7,Donnees!$B$2:$B$401,"<="&F7) -> 0
A8: Écart-type | B8: =STDEV(Donnees!$B$2:$B$401) -> 4.9413579 | D8: =(E8+1)&"-"&F8 -> 17-18 | E8: 16 | F8: =E8+2 -> 18 | G8: =COUNTIFS(Donnees!$B$2:$B$401,">"&E8,Donnees!$B$2:$B$401,"<="&F8) -> 7
A9: Médiane | B9: =MEDIAN(Donnees!$B$2:$B$401) -> 26 | D9: =(E9+1)&"-"&F9 -> 19-20 | E9: 18 | F9: =E9+2 -> 20 | G9: =COUNTIFS(Donnees!$B$2:$B$401,">"&E9,Donnees!$B$2:$B$401,"<="&F9) -> 32
A10: Minimum | B10: =MIN(Donnees!$B$2:$B$401) -> 17 | D10: =(E10+1)&"-"&F10 -> 21-22 | E10: 20 | F10: =E10+2 -> 22 | G10: =COUNTIFS(Donnees!$B$2:$B$401,">"&E10,Donnees!$B$2:$B$401,"<="&F10) -> 44
A11: Maximum | B11: =MAX(Donnees!$B$2:$B$401) -> 45 | D11: =(E11+1)&"-"&F11 -> 23-24 | E11: 22 | F11: =E11+2 -> 24 | G11: =COUNTIFS(Donnees!$B$2:$B$401,">"&E11,Donnees!$B$2:$B$401,"<="&F11) -> 72
A12: ="Âge moyen : "&FIXED(B7,1)&" ans (écart-type : "&FIXED(B8,1)&"). Médiane : "&B9&" ans ; minimum : "&B10&" ; maximum : "&B11&"." -> Âge moyen : 26,4 ans (écart-type : 4,9). Médiane : 26 ans ; minimum : 17 ; maximum : 45. | D12: =(E12+1)&"-"&F12 -> 25-26 | E12: 24 | F12: =E12+2 -> 26 | G12: =COUNTIFS(Donnees!$B$2:$B$401,">"&E12,Donnees!$B$2:$B$401,"<="&F12) -> 66
D13: =(E13+1)&"-"&F13 -> 27-28 | E13: 26 | F13: =E13+2 -> 28 | G13: =COUNTIFS(Donnees!$B$2:$B$401,">"&E13,Donnees!$B$2:$B$401,"<="&F13) -> 66
D14: =(E14+1)&"-"&F14 -> 29-30 | E14: 28 | F14: =E14+2 -> 30 | G14: =COUNTIFS(Donnees!$B$2:$B$401,">"&E14,Donnees!$B$2:$B$401,"<="&F14) -> 41
D15: =(E15+1)&"-"&F15 -> 31-32 | E15: 30 | F15: =E15+2 -> 32 | G15: =COUNTIFS(Donnees!$B$2:$B$401,">"&E15,Donnees!$B$2:$B$401,"<="&F15) -> 26
D16: =(E16+1)&"-"&F16 -> 33-34 | E16: 32 | F16: =E16+2 -> 34 | G16: =COUNTIFS(Donnees!$B$2:$B$401,">"&E16,Donnees!$B$2:$B$401,"<="&F16) -> 21
D17: =(E17+1)&"-"&F17 -> 35-36 | E17: 34 | F17: =E17+2 -> 36 | G17: =COUNTIFS(Donnees!$B$2:$B$401,">"&E17,Donnees!$B$2:$B$401,"<="&F17) -> 10
D18: =(E18+1)&"-"&F18 -> 37-38 | E18: 36 | F18: =E18+2 -> 38 | G18: =COUNTIFS(Donnees!$B$2:$B$401,">"&E18,Donnees!$B$2:$B$401,"<="&F18) -> 5
D19: =(E19+1)&"-"&F19 -> 39-40 | E19: 38 | F19: =E19+2 -> 40 | G19: =COUNTIFS(Donnees!$B$2:$B$401,">"&E19,Donnees!$B$2:$B$401,"<="&F19) -> 4
D20: =(E20+1)&"-"&F20 -> 41-42 | E20: 40 | F20: =E20+2 -> 42 | G20: =COUNTIFS(Donnees!$B$2:$B$401,">"&E20,Donnees!$B$2:$B$401,"<="&F20) -> 3
D21: =(E21+1)&"-"&F21 -> 43-44 | E21: 42 | F21: =E21+2 -> 44 | G21: =COUNTIFS(Donnees!$B$2:$B$401,">"&E21,Donnees!$B$2:$B$401,"<="&F21) -> 1
D22: =(E22+1)&"-"&F22 -> 45-46 | E22: 44 | F22: =E22+2 -> 46 | G22: =COUNTIFS(Donnees!$B$2:$B$401,">"&E22,Donnees!$B$2:$B$401,"<="&F22) -> 2
D23: Total | G23: =SUM(G7:G22) -> 400
A24: QUESTION 2 : Quelles sont les principales caractéristiques sociodémographiques ? → Tableau 1
A25: Variable | B25: Modalité | C25: Effectif | D25: Pourcentage (%)
A26: Tranche d'âge | B26: Moins de 20 ans | C26: =COUNTIF(Donnees!$W$2:$W$401,B26) -> 21 | D26: =C26/SUM($C$26:$C$29)*100 -> 5.25
B27: 20-29 ans | C27: =COUNTIF(Donnees!$W$2:$W$401,B27) -> 289 | D27: =C27/SUM($C$26:$C$29)*100 -> 72.25
B28: 30-34 ans | C28: =COUNTIF(Donnees!$W$2:$W$401,B28) -> 65 | D28: =C28/SUM($C$26:$C$29)*100 -> 16.25
B29: 35 ans et plus | C29: =COUNTIF(Donnees!$W$2:$W$401,B29) -> 25 | D29: =C29/SUM($C$26:$C$29)*100 -> 6.25
A30: Situation matrimoniale | B30: Célibataire | C30: =COUNTIF(Donnees!$C$2:$C$401,B30) -> 68 | D30: =C30/SUM($C$30:$C$33)*100 -> 17
B31: Mariée | C31: =COUNTIF(Donnees!$C$2:$C$401,B31) -> 255 | D31: =C31/SUM($C$30:$C$33)*100 -> 63.75
B32: Union libre | C32: =COUNTIF(Donnees!$C$2:$C$401,B32) -> 69 | D32: =C32/SUM($C$30:$C$33)*100 -> 17.25
B33: Veuve/divorcée | C33: =COUNTIF(Donnees!$C$2:$C$401,B33) -> 8 | D33: =C33/SUM($C$30:$C$33)*100 -> 2
A34: Niveau d'instruction | B34: Aucun | C34: =COUNTIF(Donnees!$D$2:$D$401,B34) -> 53 | D34: =C34/SUM($C$34:$C$37)*100 -> 13.451777
B35: Primaire | C35: =COUNTIF(Donnees!$D$2:$D$401,B35) -> 121 | D35: =C35/SUM($C$34:$C$37)*100 -> 30.71066
B36: Secondaire | C36: =COUNTIF(Donnees!$D$2:$D$401,B36) -> 177 | D36: =C36/SUM($C$34:$C$37)*100 -> 44.923858
B37: Supérieur | C37: =COUNTIF(Donnees!$D$2:$D$401,B37) -> 43 | D37: =C37/SUM($C$34:$C$37)*100 -> 10.913706
B38: Données manquantes | C38: =COUNTBLANK(Donnees!$D$2:$D$401) -> 6
A39: Profession | B39: Agricultrice | C39: =COUNTIF(Donnees!$E$2:$E$401,B39) -> 51 | D39: =C39/SUM($C$39:$C$44)*100 -> 13.010204
B40: Artisane | C40: =COUNTIF(Donnees!$E$2:$E$401,B40) -> 42 | D40: =C40/SUM($C$39:$C$44)*100 -> 10.714286
B41: Commerçante | C41: =COUNTIF(Donnees!$E$2:$E$401,B41) -> 125 | D41: =C41/SUM($C$39:$C$44)*100 -> 31.887755
B42: Élève/Étudiante | C42: =COUNTIF(Donnees!$E$2:$E$401,B42) -> 35 | D42: =C42/SUM($C$39:$C$44)*100 -> 8.9285714
B43: Ménagère | C43: =COUNTIF(Donnees!$E$2:$E$401,B43) -> 122 | D43: =C43/SUM($C$39:$C$44)*100 -> 31.122449
B44: Salariée | C44: =COUNTIF(Donnees!$E$2:$E$401,B44) -> 17 | D44: =C44/SUM($C$39:$C$44)*100 -> 4.3367347
B45: Données manquantes | C45: =COUNTBLANK(Donnees!$E$2:$E$401) -> 8
A46: Milieu de résidence | B46: Urbain | C46: =COUNTIF(Donnees!$F$2:$F$401,B46) -> 238 | D46: =C46/SUM($C$46:$C$47)*100 -> 59.5
B47: Rural | C47: =COUNTIF(Donnees!$F$2:$F$401,B47) -> 162 | D47: =C47/SUM($C$46:$C$47)*100 -> 40.5
A49: QUESTION 3 : Quelles sont les caractéristiques obstétricales des participantes ? → Tableau 2
A50: Variable | B50: N valides | C50: Moyenne | D50: Écart-type | E50: Médiane | F50: Minimum | G50: Maximum
A51: Gestité | B51: =COUNT(Donnees!$G$2:$G$401) -> 400 | C51: =AVERAGE(Donnees!$G$2:$G$401) -> 2.7475 | D51: =STDEV(Donnees!$G$2:$G$401) -> 1.5474917 | E51: =MEDIAN(Donnees!$G$2:$G$401) -> 2 | F51: =MIN(Donnees!$G$2:$G$401) -> 1 | G51: =MAX(Donnees!$G$2:$G$401) -> 10
A52: Parité | B52: =COUNT(Donnees!$H$2:$H$401) -> 400 | C52: =AVERAGE(Donnees!$H$2:$H$401) -> 1.5725 | D52: =STDEV(Donnees!$H$2:$H$401) -> 1.5167383 | E52: =MEDIAN(Donnees!$H$2:$H$401) -> 1 | F52: =MIN(Donnees!$H$2:$H$401) -> 0 | G52: =MAX(Donnees!$H$2:$H$401) -> 8
A53: Nombre de CPN | B53: =COUNT(Donnees!$N$2:$N$401) -> 390 | C53: =AVERAGE(Donnees!$N$2:$N$401) -> 3.5948718 | D53: =STDEV(Donnees!$N$2:$N$401) -> 1.9870983 | E53: =MEDIAN(Donnees!$N$2:$N$401) -> 3 | F53: =MIN(Donnees!$N$2:$N$401) -> 0 | G53: =MAX(Donnees!$N$2:$N$401) -> 10
A54: Âge gestationnel (SA) | B54: =COUNT(Donnees!$M$2:$M$401) -> 400 | C54: =AVERAGE(Donnees!$M$2:$M$401) -> 34.3675 | D54: =STDEV(Donnees!$M$2:$M$401) -> 4.2928446 | E54: =MEDIAN(Donnees!$M$2:$M$401) -> 35 | F54: =MIN(Donnees!$M$2:$M$401) -> 21 | G54: =MAX(Donnees!$M$2:$M$401) -> 41
A56: Variable | B56: Modalité | C56: Effectif | D56: Pourcentage (%)
A57: Parité | B57: Nullipare (0) | C57: =COUNTIF(Donnees!$X$2:$X$401,B57) -> 108 | D57: =C57/SUM($C$57:$C$59)*100 -> 27
B58: 1-2 accouchements | C58: =COUNTIF(Donnees!$X$2:$X$401,B58) -> 203 | D58: =C58/SUM($C$57:$C$59)*100 -> 50.75
B59: 3 accouchements et plus | C59: =COUNTIF(Donnees!$X$2:$X$401,B59) -> 89 | D59: =C59/SUM($C$57:$C$59)*100 -> 22.25
A60: Nombre de CPN | B60: Moins de 4 CPN | C60: =COUNTIF(Donnees!$Y$2:$Y$401,B60) -> 203 | D60: =C60/SUM($C$60:$C$62)*100 -> 52.051282
B61: 4 à 7 CPN | C61: =COUNTIF(Donnees!$Y$2:$Y$401,B61) -> 169 | D61: =C61/SUM($C$60:$C$62)*100 -> 43.333333
B62: 8 CPN et plus | C62: =COUNTIF(Donnees!$Y$2:$Y$401,B62) -> 18 | D62: =C62/SUM($C$60:$C$62)*100 -> 4.6153846
B63: Données manquantes | C63: =COUNTBLANK(Donnees!$Y$2:$Y$401) -> 10
A64: Âge gestationnel | B64: 20-27 SA | C64: =COUNTIF(Donnees!$Z$2:$Z$401,B64) -> 27 | D64: =C64/SUM($C$64:$C$66)*100 -> 6.75
B65: 28-36 SA | C65: =COUNTIF(Donnees!$Z$2:$Z$401,B65) -> 226 | D65: =C65/SUM($C$64:$C$66)*100 -> 56.5
B66: 37 SA et plus | C66: =COUNTIF(Donnees!$Z$2:$Z$401,B66) -> 147 | D66: =C66/SUM($C$64:$C$66)*100 -> 36.75

Sheet 3_Frequence
A1: Partie B – Fréquence de la prééclampsie (Question 4)
A3: QUESTION 4 : Quelle est la proportion de femmes présentant une prééclampsie ? → Tableau 3
A4: Variable | B4: Modalité | C4: Effectif | D4: Pourcentage (%) | G4: Données du Graphique 2
A5: Prééclampsie (toutes formes) | B5: Non | C5: =COUNTIF(Donnees!$V$2:$V$401,B5) -> 352 | D5: =C5/SUM($C$5:$C$6)*100 -> 88 | G5: Statut | H5: Effectif
B6: Oui | C6: =COUNTIF(Donnees!$V$2:$V$401,B6) -> 48 | D6: =C6/SUM($C$5:$C$6)*100 -> 12 | G6: Prééclampsie | H6: =C6 -> 48
A7: Type de diagnostic | B7: Normotendue | C7: =COUNTIF(Donnees!$U$2:$U$401,B7) -> 327 | D7: =C7/SUM($C$7:$C$11)*100 -> 81.75 | G7: Absence de prééclampsie | H7: =C5 -> 352
B8: HTA gestationnelle | C8: =COUNTIF(Donnees!$U$2:$U$401,B8) -> 10 | D8: =C8/SUM($C$7:$C$11)*100 -> 2.5
B9: HTA chronique seule | C9: =COUNTIF(Donnees!$U$2:$U$401,B9) -> 15 | D9: =C9/SUM($C$7:$C$11)*100 -> 3.75
B10: Prééclampsie | C10: =COUNTIF(Donnees!$U$2:$U$401,B10) -> 40 | D10: =C10/SUM($C$7:$C$11)*100 -> 10
B11: Prééclampsie surajoutée | C11: =COUNTIF(Donnees!$U$2:$U$401,B11) -> 8 | D11: =C11/SUM($C$7:$C$11)*100 -> 2
A13: ="Prééclampsie : "&C6&" cas sur "&SUM(C5:C6)&" femmes, soit "&FIXED(D6,1)&" %" -> Prééclampsie : 48 cas sur 400 femmes, soit 12,0 %
A14: Attention : ce pourcentage décrit l'échantillon, pas la prévalence de la prééclampsie dans la population générale de Kara.

Sheet 4_Facteurs
A1: Partie C – Facteurs associés à la prééclampsie (Questions 5 à 9)
A2: Règle : effectifs attendus tous ≥ 5 → test du Chi-deux ; au moins un < 5 → test exact de Fisher. Seuil : 5 %.
A4: QUESTION 5 : Existe-t-il une association entre l'âge maternel et la prééclampsie ?
A5: H0 : la fréquence de la prééclampsie est la même dans toutes les tranches d'âge. H1 : elle diffère dans au moins une tranche.
B6: Prééclampsie | G6: Effectifs attendus sous H0
A7: Modalité | B7: Non | C7: Oui | D7: Total | E7: % sans prééclampsie | F7: % avec prééclampsie | G7: Non | H7: Oui
A8: Moins de 20 ans | B8: =COUNTIFS(Donnees!$W$2:$W$401,$A8,Donnees!$V$2:$V$401,B$7) -> 16 | C8: =COUNTIFS(Donnees!$W$2:$W$401,$A8,Donnees!$V$2:$V$401,C$7) -> 5 | D8: =B8+C8 -> 21 | E8: =B8/D8*100 -> 76.190476 | F8: =C8/D8*100 -> 23.809524 | G8: =$D8*B$12/$D$12 -> 18.48 | H8: =$D8*C$12/$D$12 -> 2.52
A9: 20-29 ans | B9: =COUNTIFS(Donnees!$W$2:$W$401,$A9,Donnees!$V$2:$V$401,B$7) -> 258 | C9: =COUNTIFS(Donnees!$W$2:$W$401,$A9,Donnees!$V$2:$V$401,C$7) -> 31 | D9: =B9+C9 -> 289 | E9: =B9/D9*100 -> 89.273356 | F9: =C9/D9*100 -> 10.726644 | G9: =$D9*B$12/$D$12 -> 254.32 | H9: =$D9*C$12/$D$12 -> 34.68
A10: 30-34 ans | B10: =COUNTIFS(Donnees!$W$2:$W$401,$A10,Donnees!$V$2:$V$401,B$7) -> 58 | C10: =COUNTIFS(Donnees!$W$2:$W$401,$A10,Donnees!$V$2:$V$401,C$7) -> 7 | D10: =B10+C10 -> 65 | E10: =B10/D10*100 -> 89.230769 | F10: =C10/D10*100 -> 10.769231 | G10: =$D10*B$12/$D$12 -> 57.2 | H10: =$D10*C$12/$D$12 -> 7.8
A11: 35 ans et plus | B11: =COUNTIFS(Donnees!$W$2:$W$401,$A11,Donnees!$V$2:$V$401,B$7) -> 20 | C11: =COUNTIFS(Donnees!$W$2:$W$401,$A11,Donnees!$V$2:$V$401,C$7) -> 5 | D11: =B11+C11 -> 25 | E11: =B11/D11*100 -> 80 | F11: =C11/D11*100 -> 20 | G11: =$D11*B$12/$D$12 -> 22 | H11: =$D11*C$12/$D$12 -> 3
A12: Total | B12: =SUM(B8:B11) -> 352 | C12: =SUM(C8:C11) -> 48 | D12: =SUM(D8:D11) -> 400 | F12: =C12/D12*100 -> 12
A14: Effectif attendu minimum | B14: =MIN(G8:H11) -> 2.52
A15: Test retenu | B15: =IF(B14>=5,"Chi-deux","Fisher") -> Fisher
A16: p-value du Chi-deux (Pearson) | B16: =IFERROR(CHITEST(B8:C11,G8:H11),"n/a") -> 0.18502327
A17: p-value du test exact de Fisher | B17: =Fisher_Q5!E10 -> 0.1648947
A18: p-value retenue | B18: =IFERROR(IF(B15="Chi-deux",B16,B17),"n/a") -> 0.1648947
A19: p-value affichée | B19: =IF(ISNUMBER(B18),IF(B18<0.001,"<0,001",FIXED(B18,3)),"n/a") -> 0,165
A20: Conclusion | B20: =IF(ISNUMBER(B18),IF(B18<0.05,"Association statistiquement significative (p < 0,05).","Association non démontrée ici (p >= 0,05). Cela ne prouve pas l'absence d'association."),"n/a") -> Association non démontrée ici (p >= 0,05). Cela ne prouve pas l'absence d'association.
A22: QUESTION 6 : Les femmes ayant un antécédent de prééclampsie présentent-elles plus souvent une prééclampsie ? (femmes déjà accouchées, antécédent renseigné)
A23: H0 : la fréquence de la prééclampsie est la même avec ou sans antécédent. H1 : elle diffère. (Analyse restreinte : parité ≥ 1 et antécédent Oui/Non)
B24: Prééclampsie | G24: Effectifs attendus sous H0
A25: Modalité | B25: Non | C25: Oui | D25: Total | E25: % sans prééclampsie | F25: % avec prééclampsie | G25: Non | H25: Oui
A26: Non | B26: =COUNTIFS(Donnees!$I$2:$I$401,$A26,Donnees!$V$2:$V$401,B$25,Donnees!$AB$2:$AB$401,1) -> 238 | C26: =COUNTIFS(Donnees!$I$2:$I$401,$A26,Donnees!$V$2:$V$401,C$25,Donnees!$AB$2:$AB$401,1) -> 20 | D26: =B26+C26 -> 258 | E26: =B26/D26*100 -> 92.248062 | F26: =C26/D26*100 -> 7.751938 | G26: =$D26*B$28/$D$28 -> 233.64336 | H26: =$D26*C$28/$D$28 -> 24.356643
A27: Oui | B27: =COUNTIFS(Donnees!$I$2:$I$401,$A27,Donnees!$V$2:$V$401,B$25,Donnees!$AB$2:$AB$401,1) -> 21 | C27: =COUNTIFS(Donnees!$I$2:$I$401,$A27,Donnees!$V$2:$V$401,C$25,Donnees!$AB$2:$AB$401,1) -> 7 | D27: =B27+C27 -> 28 | E27: =B27/D27*100 -> 75 | F27: =C27/D27*100 -> 25 | G27: =$D27*B$28/$D$28 -> 25.356643 | H27: =$D27*C$28/$D$28 -> 2.6433566
A28: Total | B28: =SUM(B26:B27) -> 259 | C28: =SUM(C26:C27) -> 27 | D28: =SUM(D26:D27) -> 286 | F28: =C28/D28*100 -> 9.4405594
A29: Effectif analysé (femmes déjà accouchées, antécédent renseigné) : | D29: =D28 -> 286
A30: Effectif attendu minimum | B30: =MIN(G26:H27) -> 2.6433566
A31: Test retenu | B31: =IF(B30>=5,"Chi-deux","Fisher") -> Fisher
A32: p-value du Chi-deux (Pearson) | B32: =IFERROR(CHITEST(B26:C27,G26:H27),"n/a") -> 0.0030298043
A33: p-value du test exact de Fisher | B33: =Fisher_2x2!B10 -> 0.0090931023
A34: p-value retenue | B34: =IFERROR(IF(B31="Chi-deux",B32,B33),"n/a") -> 0.0090931023
A35: p-value affichée | B35: =IF(ISNUMBER(B34),IF(B34<0.001,"<0,001",FIXED(B34,3)),"n/a") -> 0,009
A36: Conclusion | B36: =IF(ISNUMBER(B34),IF(B34<0.05,"Association statistiquement significative (p < 0,05).","Association non démontrée ici (p >= 0,05). Cela ne prouve pas l'absence d'association."),"n/a") -> Association statistiquement significative (p < 0,05).
A38: QUESTION 7 : Existe-t-il une association entre l'HTA chronique et la prééclampsie ?
A39: Rappel : la prééclampsie « toutes formes » inclut la prééclampsie surajoutée, qui ne peut survenir que chez les femmes ayant une HTA chronique.
A40: Diagnostic final | B40: Sans HTA chronique | C40: Avec HTA chronique
A41: Normotendue | B41: =COUNTIFS(Donnees!$U$2:$U$401,$A41,Donnees!$J$2:$J$401,"Non") -> 327 | C41: =COUNTIFS(Donnees!$U$2:$U$401,$A41,Donnees!$J$2:$J$401,"Oui") -> 0
A42: HTA gestationnelle | B42: =COUNTIFS(Donnees!$U$2:$U$401,$A42,Donnees!$J$2:$J$401,"Non") -> 10 | C42: =COUNTIFS(Donnees!$U$2:$U$401,$A42,Donnees!$J$2:$J$401,"Oui") -> 0
A43: HTA chronique seule | B43: =COUNTIFS(Donnees!$U$2:$U$401,$A43,Donnees!$J$2:$J$401,"Non") -> 0 | C43: =COUNTIFS(Donnees!$U$2:$U$401,$A43,Donnees!$J$2:$J$401,"Oui") -> 15
A44: Prééclampsie | B44: =COUNTIFS(Donnees!$U$2:$U$401,$A44,Donnees!$J$2:$J$401,"Non") -> 40 | C44: =COUNTIFS(Donnees!$U$2:$U$401,$A44,Donnees!$J$2:$J$401,"Oui") -> 0
A45: Prééclampsie surajoutée | B45: =COUNTIFS(Donnees!$U$2:$U$401,$A45,Donnees!$J$2:$J$401,"Non") -> 0 | C45: =COUNTIFS(Donnees!$U$2:$U$401,$A45,Donnees!$J$2:$J$401,"Oui") -> 8
A47: QUESTION 7 (suite) : Tableau 2 × 2 HTA chronique × prééclampsie
A48: H0 : la fréquence de la prééclampsie est la même avec ou sans HTA chronique. H1 : elle diffère.
B49: Prééclampsie | G49: Effectifs attendus sous H0
A50: Modalité | B50: Non | C50: Oui | D50: Total | E50: % sans prééclampsie | F50: % avec prééclampsie | G50: Non | H50: Oui
A51: Non | B51: =COUNTIFS(Donnees!$J$2:$J$401,$A51,Donnees!$V$2:$V$401,B$50) -> 337 | C51: =COUNTIFS(Donnees!$J$2:$J$401,$A51,Donnees!$V$2:$V$401,C$50) -> 40 | D51: =B51+C51 -> 377 | E51: =B51/D51*100 -> 89.38992 | F51: =C51/D51*100 -> 10.61008 | G51: =$D51*B$53/$D$53 -> 331.76 | H51: =$D51*C$53/$D$53 -> 45.24
A52: Oui | B52: =COUNTIFS(Donnees!$J$2:$J$401,$A52,Donnees!$V$2:$V$401,B$50) -> 15 | C52: =COUNTIFS(Donnees!$J$2:$J$401,$A52,Donnees!$V$2:$V$401,C$50) -> 8 | D52: =B52+C52 -> 23 | E52: =B52/D52*100 -> 65.217391 | F52: =C52/D52*100 -> 34.782609 | G52: =$D52*B$53/$D$53 -> 20.24 | H52: =$D52*C$53/$D$53 -> 2.76
A53: Total | B53: =SUM(B51:B52) -> 352 | C53: =SUM(C51:C52) -> 48 | D53: =SUM(D51:D52) -> 400 | F53: =C53/D53*100 -> 12
A55: Effectif attendu minimum | B55: =MIN(G51:H52) -> 2.76
A56: Test retenu | B56: =IF(B55>=5,"Chi-deux","Fisher") -> Fisher
A57: p-value du Chi-deux (Pearson) | B57: =IFERROR(CHITEST(B51:C52,G51:H52),"n/a") -> 0.00053352008
A58: p-value du test exact de Fisher | B58: =Fisher_2x2!C10 -> 0.0029062659
A59: p-value retenue | B59: =IFERROR(IF(B56="Chi-deux",B57,B58),"n/a") -> 0.0029062659
A60: p-value affichée | B60: =IF(ISNUMBER(B59),IF(B59<0.001,"<0,001",FIXED(B59,3)),"n/a") -> 0,003
A61: Conclusion | B61: =IF(ISNUMBER(B59),IF(B59<0.05,"Association statistiquement significative (p < 0,05).","Association non démontrée ici (p >= 0,05). Cela ne prouve pas l'absence d'association."),"n/a") -> Association statistiquement significative (p < 0,05).
A63: QUESTION 8 : La fréquence de la prééclampsie varie-t-elle selon la parité ?
A64: H0 : la fréquence de la prééclampsie est la même dans les trois groupes de parité. H1 : elle diffère dans au moins un groupe.
B65: Prééclampsie | G65: Effectifs attendus sous H0
A66: Modalité | B66: Non | C66: Oui | D66: Total | E66: % sans prééclampsie | F66: % avec prééclampsie | G66: Non | H66: Oui
A67: Nullipare (0) | B67: =COUNTIFS(Donnees!$X$2:$X$401,$A67,Donnees!$V$2:$V$401,B$66) -> 87 | C67: =COUNTIFS(Donnees!$X$2:$X$401,$A67,Donnees!$V$2:$V$401,C$66) -> 21 | D67: =B67+C67 -> 108 | E67: =B67/D67*100 -> 80.555556 | F67: =C67/D67*100 -> 19.444444 | G67: =$D67*B$70/$D$70 -> 95.04 | H67: =$D67*C$70/$D$70 -> 12.96
A68: 1-2 accouchements | B68: =COUNTIFS(Donnees!$X$2:$X$401,$A68,Donnees!$V$2:$V$401,B$66) -> 190 | C68: =COUNTIFS(Donnees!$X$2:$X$401,$A68,Donnees!$V$2:$V$401,C$66) -> 13 | D68: =B68+C68 -> 203 | E68: =B68/D68*100 -> 93.596059 | F68: =C68/D68*100 -> 6.4039409 | G68: =$D68*B$70/$D$70 -> 178.64 | H68: =$D68*C$70/$D$70 -> 24.36
A69: 3 accouchements et plus | B69: =COUNTIFS(Donnees!$X$2:$X$401,$A69,Donnees!$V$2:$V$401,B$66) -> 75 | C69: =COUNTIFS(Donnees!$X$2:$X$401,$A69,Donnees!$V$2:$V$401,C$66) -> 14 | D69: =B69+C69 -> 89 | E69: =B69/D69*100 -> 84.269663 | F69: =C69/D69*100 -> 15.730337 | G69: =$D69*B$70/$D$70 -> 78.32 | H69: =$D69*C$70/$D$70 -> 10.68
A70: Total | B70: =SUM(B67:B69) -> 352 | C70: =SUM(C67:C69) -> 48 | D70: =SUM(D67:D69) -> 400 | F70: =C70/D70*100 -> 12
A72: Effectif attendu minimum | B72: =MIN(G67:H69) -> 10.68
A73: Test retenu | B73: =IF(B72>=5,"Chi-deux","Fisher") -> Chi-deux
A74: p-value du Chi-deux (Pearson) | B74: =IFERROR(CHITEST(B67:C69,G67:H69),"n/a") -> 0.0016118643
A75: p-value du test exact de Fisher | B75: =Fisher_Q8!D10 -> 0.0012564908
A76: p-value retenue | B76: =IFERROR(IF(B73="Chi-deux",B74,B75),"n/a") -> 0.0016118643
A77: p-value affichée | B77: =IF(ISNUMBER(B76),IF(B76<0.001,"<0,001",FIXED(B76,3)),"n/a") -> 0,002
A78: Conclusion | B78: =IF(ISNUMBER(B76),IF(B76<0.05,"Association statistiquement significative (p < 0,05).","Association non démontrée ici (p >= 0,05). Cela ne prouve pas l'absence d'association."),"n/a") -> Association statistiquement significative (p < 0,05).
A80: QUESTION 9 : Existe-t-il une association entre la grossesse multiple et la prééclampsie ?
A81: H0 : la fréquence de la prééclampsie est la même pour les grossesses uniques et multiples. H1 : elle diffère.
B82: Prééclampsie | G82: Effectifs attendus sous H0
A83: Modalité | B83: Non | C83: Oui | D83: Total | E83: % sans prééclampsie | F83: % avec prééclampsie | G83: Non | H83: Oui
A84: Unique | B84: =COUNTIFS(Donnees!$O$2:$O$401,$A84,Donnees!$V$2:$V$401,B$83) -> 340 | C84: =COUNTIFS(Donnees!$O$2:$O$401,$A84,Donnees!$V$2:$V$401,C$83) -> 46 | D84: =B84+C84 -> 386 | E84: =B84/D84*100 -> 88.082902 | F84: =C84/D84*100 -> 11.917098 | G84: =$D84*B$86/$D$86 -> 339.68 | H84: =$D84*C$86/$D$86 -> 46.32
A85: Multiple | B85: =COUNTIFS(Donnees!$O$2:$O$401,$A85,Donnees!$V$2:$V$401,B$83) -> 12 | C85: =COUNTIFS(Donnees!$O$2:$O$401,$A85,Donnees!$V$2:$V$401,C$83) -> 2 | D85: =B85+C85 -> 14 | E85: =B85/D85*100 -> 85.714286 | F85: =C85/D85*100 -> 14.285714 | G85: =$D85*B$86/$D$86 -> 12.32 | H85: =$D85*C$86/$D$86 -> 1.68
A86: Total | B86: =SUM(B84:B85) -> 352 | C86: =SUM(C84:C85) -> 48 | D86: =SUM(D84:D85) -> 400 | F86: =C86/D86*100 -> 12
A88: Effectif attendu minimum | B88: =MIN(G84:H85) -> 1.68
A89: Test retenu | B89: =IF(B88>=5,"Chi-deux","Fisher") -> Fisher
A90: p-value du Chi-deux (Pearson) | B90: =IFERROR(CHITEST(B84:C85,G84:H85),"n/a") -> 0.78876792
A91: p-value du test exact de Fisher | B91: =Fisher_2x2!D10 -> 0.67928361
A92: p-value retenue | B92: =IFERROR(IF(B89="Chi-deux",B90,B91),"n/a") -> 0.67928361
A93: p-value affichée | B93: =IF(ISNUMBER(B92),IF(B92<0.001,"<0,001",FIXED(B92,3)),"n/a") -> 0,679
A94: Conclusion | B94: =IF(ISNUMBER(B92),IF(B92<0.05,"Association statistiquement significative (p < 0,05).","Association non démontrée ici (p >= 0,05). Cela ne prouve pas l'absence d'association."),"n/a") -> Association non démontrée ici (p >= 0,05). Cela ne prouve pas l'absence d'association.

Sheet 5_Comparaison
A1: Partie D – Comparaison de groupes (Question 10)
A3: QUESTION 10 : L'âge moyen diffère-t-il entre les femmes avec et sans prééclampsie ?
A4: H0 : les moyennes d'âge sont égales. H1 : les moyennes d'âge sont différentes.
A6: Groupe | B6: Effectif | C6: Moyenne | D6: Écart-type | E6: Médiane | I6: Âge | J6: Effectif (ex æquo)
A7: Absence de prééclampsie | B7: =COUNTIFS(Donnees!$V$2:$V$401,"Non") -> 352 | C7: =AVERAGEIFS(Donnees!$B$2:$B$401,Donnees!$V$2:$V$401,"Non") -> 26.389205 | D7: =SQRT(SUMPRODUCT((Donnees!$V$2:$V$401="Non")*(Donnees!$B$2:$B$401-C7)^2)/(B7-1)) -> 4.7650433 | E7: {=MEDIAN(IF(Donnees!$V$2:$V$401="Non",Donnees!$B$2:$B$401))} -> 26 | I7: 15 | J7: =COUNTIF(Donnees!$B$2:$B$401,I7) -> 0
A8: Prééclampsie | B8: =COUNTIFS(Donnees!$V$2:$V$401,"Oui") -> 48 | C8: =AVERAGEIFS(Donnees!$B$2:$B$401,Donnees!$V$2:$V$401,"Oui") -> 26.520833 | D8: =SQRT(SUMPRODUCT((Donnees!$V$2:$V$401="Oui")*(Donnees!$B$2:$B$401-C8)^2)/(B8-1)) -> 6.1401697 | E8: {=MEDIAN(IF(Donnees!$V$2:$V$401="Oui",Donnees!$B$2:$B$401))} -> 25 | I8: 16 | J8: =COUNTIF(Donnees!$B$2:$B$401,I8) -> 0
I9: 17 | J9: =COUNTIF(Donnees!$B$2:$B$401,I9) -> 1
A10: Condition : au moins 30 femmes par groupe → test t de Student (Welch) ; sinon test de Wilcoxon | I10: 18 | J10: =COUNTIF(Donnees!$B$2:$B$401,I10) -> 6
A11: Test retenu | B11: =IF(MIN(B7:B8)>=30,"Test t de Student (Welch)","Wilcoxon") -> Test t de Student (Welch) | I11: 19 | J11: =COUNTIF(Donnees!$B$2:$B$401,I11) -> 14
I12: 20 | J12: =COUNTIF(Donnees!$B$2:$B$401,I12) -> 18
A13: Test t de Student (version de Welch) | I13: 21 | J13: =COUNTIF(Donnees!$B$2:$B$401,I13) -> 17
A14: Variance de la moyenne, groupe sans prééclampsie (s²/n) | B14: =D7^2/B7 -> 0.064504654 | I14: 22 | J14: =COUNTIF(Donnees!$B$2:$B$401,I14) -> 27
A15: Variance de la moyenne, groupe avec prééclampsie (s²/n) | B15: =D8^2/B8 -> 0.78545176 | I15: 23 | J15: =COUNTIF(Donnees!$B$2:$B$401,I15) -> 40
A16: Statistique t (sans − avec) | B16: =(C7-C8)/SQRT(B14+B15) -> -0.14277513 | I16: 24 | J16: =COUNTIF(Donnees!$B$2:$B$401,I16) -> 32
A17: Degrés de liberté (Welch-Satterthwaite) | B17: =(B14+B15)^2/(B14^2/(B7-1)+B15^2/(B8-1)) -> 54.98701 | I17: 25 | J17: =COUNTIF(Donnees!$B$2:$B$401,I17) -> 35
A18: p-value bilatérale | B18: =BETADIST(B17/(B17+B16^2),B17/2,0.5) -> 0.88698968 | I18: 26 | J18: =COUNTIF(Donnees!$B$2:$B$401,I18) -> 31
I19: 27 | J19: =COUNTIF(Donnees!$B$2:$B$401,I19) -> 43
A20: Test de Wilcoxon (Mann-Whitney, approximation normale avec correction de continuité) | I20: 28 | J20: =COUNTIF(Donnees!$B$2:$B$401,I20) -> 23
A21: Somme des rangs, groupe sans prééclampsie | B21: =SUMIF(Donnees!$V$2:$V$401,"Non",Donnees!$AA$2:$AA$401) -> 70886 | I21: 29 | J21: =COUNTIF(Donnees!$B$2:$B$401,I21) -> 23
A22: Statistique W | B22: =B21-B7*(B7+1)/2 -> 8758 | I22: 30 | J22: =COUNTIF(Donnees!$B$2:$B$401,I22) -> 18
A23: Correction pour ex æquo (Σ t³ − t) | B23: =SUMPRODUCT(J7:J37^3-J7:J37) -> 319974 | I23: 31 | J23: =COUNTIF(Donnees!$B$2:$B$401,I23) -> 12
A24: Écart-type de W | B24: =SQRT((B7*B8/12)*((B7+B8+1)-B23/((B7+B8)*(B7+B8-1)))) -> 749.5233 | I24: 32 | J24: =COUNTIF(Donnees!$B$2:$B$401,I24) -> 14
A25: z (avec correction de continuité) | B25: =(B22-B7*B8/2-SIGN(B22-B7*B8/2)*0.5)/B24 -> 0.41292913 | I25: 33 | J25: =COUNTIF(Donnees!$B$2:$B$401,I25) -> 14
A26: p-value bilatérale | B26: =2*MIN(NORMSDIST(B25),1-NORMSDIST(B25)) -> 0.67965854 | I26: 34 | J26: =COUNTIF(Donnees!$B$2:$B$401,I26) -> 7
I27: 35 | J27: =COUNTIF(Donnees!$B$2:$B$401,I27) -> 5
A28: Résultat retenu | I28: 36 | J28: =COUNTIF(Donnees!$B$2:$B$401,I28) -> 5
A29: p-value retenue | B29: =IF(B11="Wilcoxon",B26,B18) -> 0.88698968 | I29: 37 | J29: =COUNTIF(Donnees!$B$2:$B$401,I29) -> 2
A30: p-value affichée | B30: =IF(B29<0.001,"<0,001",FIXED(B29,3)) -> 0,887 | I30: 38 | J30: =COUNTIF(Donnees!$B$2:$B$401,I30) -> 3
A31: Conclusion | B31: =IF(B29<0.05,"Différence statistiquement significative (p < 0,05).","Différence non démontrée ici (p >= 0,05). Cela ne prouve pas l'absence de différence.") -> Différence non démontrée ici (p >= 0,05). Cela ne prouve pas l'absence de différence. | I31: 39 | J31: =COUNTIF(Donnees!$B$2:$B$401,I31) -> 2
A32: Différence de moyennes (avec − sans) | B32: =C8-C7 -> 0.13162879 | I32: 40 | J32: =COUNTIF(Donnees!$B$2:$B$401,I32) -> 2
I33: 41 | J33: =COUNTIF(Donnees!$B$2:$B$401,I33) -> 2
A34: Données du boxplot (Graphique 4) : minimum, quartiles, moustaches (règle 1,5 × IQR, comme ggplot2) | I34: 42 | J34: =COUNTIF(Donnees!$B$2:$B$401,I34) -> 1 | L34: Données d'appui du Graphique 4 (boxplot)
A35: Statistique | B35: Absence de prééclampsie | C35: Prééclampsie | I35: 43 | J35: =COUNTIF(Donnees!$B$2:$B$401,I35) -> 0 | L35: Groupe | M35: Q1 (base) | N35: Médiane − Q1 | O35: Q3 − médiane | P35: Moustache basse | Q35: Moustache haute | R35: Moyenne
A36: Minimum | B36: {=MIN(IF(Donnees!$V$2:$V$401="Non",Donnees!$B$2:$B$401))} -> 18 | C36: {=MIN(IF(Donnees!$V$2:$V$401="Oui",Donnees!$B$2:$B$401))} -> 17 | I36: 44 | J36: =COUNTIF(Donnees!$B$2:$B$401,I36) -> 1 | L36: Absence de prééclampsie | M36: =B45 -> 23 | N36: =B46 -> 3 | O36: =B47 -> 3 | P36: =B48 -> 5 | Q36: =B49 -> 9 | R36: =B41 -> 26.389205
A37: 1er quartile | B37: {=QUARTILE(IF(Donnees!$V$2:$V$401="Non",Donnees!$B$2:$B$401),1)} -> 23 | C37: {=QUARTILE(IF(Donnees!$V$2:$V$401="Oui",Donnees!$B$2:$B$401),1)} -> 22 | I37: 45 | J37: =COUNTIF(Donnees!$B$2:$B$401,I37) -> 2 | L37: Prééclampsie | M37: =C45 -> 22 | N37: =C46 -> 3 | O37: =C47 -> 4.25 | P37: =C48 -> 5 | Q37: =C49 -> 9.75 | R37: =C41 -> 26.520833
A38: Médiane | B38: {=MEDIAN(IF(Donnees!$V$2:$V$401="Non",Donnees!$B$2:$B$401))} -> 26 | C38: {=MEDIAN(IF(Donnees!$V$2:$V$401="Oui",Donnees!$B$2:$B$401))} -> 25
A39: 3e quartile | B39: {=QUARTILE(IF(Donnees!$V$2:$V$401="Non",Donnees!$B$2:$B$401),3)} -> 29 | C39: {=QUARTILE(IF(Donnees!$V$2:$V$401="Oui",Donnees!$B$2:$B$401),3)} -> 29.25
A40: Maximum | B40: {=MAX(IF(Donnees!$V$2:$V$401="Non",Donnees!$B$2:$B$401))} -> 45 | C40: {=MAX(IF(Donnees!$V$2:$V$401="Oui",Donnees!$B$2:$B$401))} -> 45
A41: Moyenne | B41: =AVERAGEIFS(Donnees!$B$2:$B$401,Donnees!$V$2:$V$401,"Non") -> 26.389205 | C41: =AVERAGEIFS(Donnees!$B$2:$B$401,Donnees!$V$2:$V$401,"Oui") -> 26.520833
A42: Écart interquartile (IQR) | B42: =B39-B37 -> 6 | C42: =C39-C37 -> 7.25
A43: Moustache basse | B43: {=MIN(IF((Donnees!$V$2:$V$401="Non")*(Donnees!$B$2:$B$401>=B37-1.5*B42),Donnees!$B$2:$B$401))} -> 18 | C43: {=MIN(IF((Donnees!$V$2:$V$401="Oui")*(Donnees!$B$2:$B$401>=C37-1.5*C42),Donnees!$B$2:$B$401))} -> 17
A44: Moustache haute | B44: {=MAX(IF((Donnees!$V$2:$V$401="Non")*(Donnees!$B$2:$B$401<=B39+1.5*B42),Donnees!$B$2:$B$401))} -> 38 | C44: {=MAX(IF((Donnees!$V$2:$V$401="Oui")*(Donnees!$B$2:$B$401<=C39+1.5*C42),Donnees!$B$2:$B$401))} -> 39
A45: Base invisible (Q1) | B45: =B37 -> 23 | C45: =C37 -> 22
A46: Boîte basse (médiane − Q1) | B46: =B38-B37 -> 3 | C46: =C38-C37 -> 3
A47: Boîte haute (Q3 − médiane) | B47: =B39-B38 -> 3 | C47: =C39-C38 -> 4.25
A48: Longueur moustache basse (Q1 − bas) | B48: =B37-B43 -> 5 | C48: =C37-C43 -> 5
A49: Longueur moustache haute (haut − Q3) | B49: =B44-B39 -> 9 | C49: =C44-C39 -> 9.75

Sheet 6_Tableaux
A1: Section 4 – Tableaux pour le mémoire (Tableaux 1 à 5)
A2: Tous les chiffres sont liés par formules aux feuilles d'analyse : ils se mettent à jour si les données changent
A4: Tableau 1 : caractéristiques sociodémographiques
A5: Variable | B5: Modalité | C5: Effectif | D5: Pourcentage (%)
A6: =IF('2_Description'!A26="","",'2_Description'!A26) -> Tranche d'âge | B6: =IF('2_Description'!B26="","",'2_Description'!B26) -> Moins de 20 ans | C6: =IF('2_Description'!C26="","",'2_Description'!C26) -> 21 | D6: =IF('2_Description'!D26="","",'2_Description'!D26) -> 5.25
A7: =IF('2_Description'!A27="","",'2_Description'!A27) | B7: =IF('2_Description'!B27="","",'2_Description'!B27) -> 20-29 ans | C7: =IF('2_Description'!C27="","",'2_Description'!C27) -> 289 | D7: =IF('2_Description'!D27="","",'2_Description'!D27) -> 72.25
A8: =IF('2_Description'!A28="","",'2_Description'!A28) | B8: =IF('2_Description'!B28="","",'2_Description'!B28) -> 30-34 ans | C8: =IF('2_Description'!C28="","",'2_Description'!C28) -> 65 | D8: =IF('2_Description'!D28="","",'2_Description'!D28) -> 16.25
A9: =IF('2_Description'!A29="","",'2_Description'!A29) | B9: =IF('2_Description'!B29="","",'2_Description'!B29) -> 35 ans et plus | C9: =IF('2_Description'!C29="","",'2_Description'!C29) -> 25 | D9: =IF('2_Description'!D29="","",'2_Description'!D29) -> 6.25
A10: =IF('2_Description'!A30="","",'2_Description'!A30) -> Situation matrimoniale | B10: =IF('2_Description'!B30="","",'2_Description'!B30) -> Célibataire | C10: =IF('2_Description'!C30="","",'2_Description'!C30) -> 68 | D10: =IF('2_Description'!D30="","",'2_Description'!D30) -> 17
A11: =IF('2_Description'!A31="","",'2_Description'!A31) | B11: =IF('2_Description'!B31="","",'2_Description'!B31) -> Mariée | C11: =IF('2_Description'!C31="","",'2_Description'!C31) -> 255 | D11: =IF('2_Description'!D31="","",'2_Description'!D31) -> 63.75
A12: =IF('2_Description'!A32="","",'2_Description'!A32) | B12: =IF('2_Description'!B32="","",'2_Description'!B32) -> Union libre | C12: =IF('2_Description'!C32="","",'2_Description'!C32) -> 69 | D12: =IF('2_Description'!D32="","",'2_Description'!D32) -> 17.25
A13: =IF('2_Description'!A33="","",'2_Description'!A33) | B13: =IF('2_Description'!B33="","",'2_Description'!B33) -> Veuve/divorcée | C13: =IF('2_Description'!C33="","",'2_Description'!C33) -> 8 | D13: =IF('2_Description'!D33="","",'2_Description'!D33) -> 2
A14: =IF('2_Description'!A34="","",'2_Description'!A34) -> Niveau d'instruction | B14: =IF('2_Description'!B34="","",'2_Description'!B34) -> Aucun | C14: =IF('2_Description'!C34="","",'2_Description'!C34) -> 53 | D14: =IF('2_Description'!D34="","",'2_Description'!D34) -> 13.451777
A15: =IF('2_Description'!A35="","",'2_Description'!A35) | B15: =IF('2_Description'!B35="","",'2_Description'!B35) -> Primaire | C15: =IF('2_Description'!C35="","",'2_Description'!C35) -> 121 | D15: =IF('2_Description'!D35="","",'2_Description'!D35) -> 30.71066
A16: =IF('2_Description'!A36="","",'2_Description'!A36) | B16: =IF('2_Description'!B36="","",'2_Description'!B36) -> Secondaire | C16: =IF('2_Description'!C36="","",'2_Description'!C36) -> 177 | D16: =IF('2_Description'!D36="","",'2_Description'!D36) -> 44.923858
A17: =IF('2_Description'!A37="","",'2_Description'!A37) | B17: =IF('2_Description'!B37="","",'2_Description'!B37) -> Supérieur | C17: =IF('2_Description'!C37="","",'2_Description'!C37) -> 43 | D17: =IF('2_Description'!D37="","",'2_Description'!D37) -> 10.913706
... A27: =IF('2_Description'!A47="","",'2_Description'!A47) | B27: =IF('2_Description'!B47="","",'2_Description'!B47) -> Rural | C27: =IF('2_Description'!C47="","",'2_Description'!C47) -> 162 | D27: =IF('2_Description'!D47="","",'2_Description'!D47) -> 40.5
A29: Tableau 2a : caractéristiques obstétricales (variables quantitatives)
A30: Variable | B30: N valides | C30: Moyenne | D30: Écart-type | E30: Médiane | F30: Minimum | G30: Maximum
A31: =IF('2_Description'!A51="","",'2_Description'!A51) -> Gestité | B31: =IF('2_Description'!B51="","",'2_Description'!B51) -> 400 | C31: =IF('2_Description'!C51="","",'2_Description'!C51) -> 2.7475 | D31: =IF('2_Description'!D51="","",'2_Description'!D51) -> 1.5474917 | E31: =IF('2_Description'!E51="","",'2_Description'!E51) -> 2 | F31: =IF('2_Description'!F51="","",'2_Description'!F51) -> 1 | G31: =IF('2_Description'!G51="","",'2_Description'!G51) -> 10
A32: =IF('2_Description'!A52="","",'2_Description'!A52) -> Parité | B32: =IF('2_Description'!B52="","",'2_Description'!B52) -> 400 | C32: =IF('2_Description'!C52="","",'2_Description'!C52) -> 1.5725 | D32: =IF('2_Description'!D52="","",'2_Description'!D52) -> 1.5167383 | E32: =IF('2_Description'!E52="","",'2_Description'!E52) -> 1 | F32: =IF('2_Description'!F52="","",'2_Description'!F52) -> 0 | G32: =IF('2_Description'!G52="","",'2_Description'!G52) -> 8
A33: =IF('2_Description'!A53="","",'2_Description'!A53) -> Nombre de CPN | B33: =IF('2_Description'!B53="","",'2_Description'!B53) -> 390 | C33: =IF('2_Description'!C53="","",'2_Description'!C53) -> 3.5948718 | D33: =IF('2_Description'!D53="","",'2_Description'!D53) -> 1.9870983 | E33: =IF('2_Description'!E53="","",'2_Description'!E53) -> 3 | F33: =IF('2_Description'!F53="","",'2_Description'!F53) -> 0 | G33: =IF('2_Description'!G53="","",'2_Description'!G53) -> 10
A34: =IF('2_Description'!A54="","",'2_Description'!A54) -> Âge gestationnel (SA) | B34: =IF('2_Description'!B54="","",'2_Description'!B54) -> 400 | C34: =IF('2_Description'!C54="","",'2_Description'!C54) -> 34.3675 | D34: =IF('2_Description'!D54="","",'2_Description'!D54) -> 4.2928446 | E34: =IF('2_Description'!E54="","",'2_Description'!E54) -> 35 | F34: =IF('2_Description'!F54="","",'2_Description'!F54) -> 21 | G34: =IF('2_Description'!G54="","",'2_Description'!G54) -> 41
A36: Tableau 2b : caractéristiques obstétricales (classes)
A37: Variable | B37: Modalité | C37: Effectif | D37: Pourcentage (%)
A38: =IF('2_Description'!A57="","",'2_Description'!A57) -> Parité | B38: =IF('2_Description'!B57="","",'2_Description'!B57) -> Nullipare (0) | C38: =IF('2_Description'!C57="","",'2_Description'!C57) -> 108 | D38: =IF('2_Description'!D57="","",'2_Description'!D57) -> 27
A39: =IF('2_Description'!A58="","",'2_Description'!A58) | B39: =IF('2_Description'!B58="","",'2_Description'!B58) -> 1-2 accouchements | C39: =IF('2_Description'!C58="","",'2_Description'!C58) -> 203 | D39: =IF('2_Description'!D58="","",'2_Description'!D58) -> 50.75
A40: =IF('2_Description'!A59="","",'2_Description'!A59) | B40: =IF('2_Description'!B59="","",'2_Description'!B59) -> 3 accouchements et plus | C40: =IF('2_Description'!C59="","",'2_Description'!C59) -> 89 | D40: =IF('2_Description'!D59="","",'2_Description'!D59) -> 22.25
A41: =IF('2_Description'!A60="","",'2_Description'!A60) -> Nombre de CPN | B41: =IF('2_Description'!B60="","",'2_Description'!B60) -> Moins de 4 CPN | C41: =IF('2_Description'!C60="","",'2_Description'!C60) -> 203 | D41: =IF('2_Description'!D60="","",'2_Description'!D60) -> 52.051282
A42: =IF('2_Description'!A61="","",'2_Description'!A61) | B42: =IF('2_Description'!B61="","",'2_Description'!B61) -> 4 à 7 CPN | C42: =IF('2_Description'!C61="","",'2_Description'!C61) -> 169 | D42: =IF('2_Description'!D61="","",'2_Description'!D61) -> 43.333333
A43: =IF('2_Description'!A62="","",'2_Description'!A62) | B43: =IF('2_Description'!B62="","",'2_Description'!B62) -> 8 CPN et plus | C43: =IF('2_Description'!C62="","",'2_Description'!C62) -> 18 | D43: =IF('2_Description'!D62="","",'2_Description'!D62) -> 4.6153846
A44: =IF('2_Description'!A63="","",'2_Description'!A63) | B44: =IF('2_Description'!B63="","",'2_Description'!B63) -> Données manquantes | C44: =IF('2_Description'!C63="","",'2_Description'!C63) -> 10 | D44: =IF('2_Description'!D63="","",'2_Description'!D63)
A45: =IF('2_Description'!A64="","",'2_Description'!A64) -> Âge gestationnel | B45: =IF('2_Description'!B64="","",'2_Description'!B64) -> 20-27 SA | C45: =IF('2_Description'!C64="","",'2_Description'!C64) -> 27 | D45: =IF('2_Description'!D64="","",'2_Description'!D64) -> 6.75
A46: =IF('2_Description'!A65="","",'2_Description'!A65) | B46: =IF('2_Description'!B65="","",'2_Description'!B65) -> 28-36 SA | C46: =IF('2_Description'!C65="","",'2_Description'!C65) -> 226 | D46: =IF('2_Description'!D65="","",'2_Description'!D65) -> 56.5
A47: =IF('2_Description'!A66="","",'2_Description'!A66) | B47: =IF('2_Description'!B66="","",'2_Description'!B66) -> 37 SA et plus | C47: =IF('2_Description'!C66="","",'2_Description'!C66) -> 147 | D47: =IF('2_Description'!D66="","",'2_Description'!D66) -> 36.75
A49: Tableau 3 : fréquence de la prééclampsie
A50: Variable | B50: Modalité | C50: Effectif | D50: Pourcentage (%)
A51: =IF('3_Frequence'!A5="","",'3_Frequence'!A5) -> Prééclampsie (toutes formes) | B51: =IF('3_Frequence'!B5="","",'3_Frequence'!B5) -> Non | C51: =IF('3_Frequence'!C5="","",'3_Frequence'!C5) -> 352 | D51: =IF('3_Frequence'!D5="","",'3_Frequence'!D5) -> 88
A52: =IF('3_Frequence'!A6="","",'3_Frequence'!A6) | B52: =IF('3_Frequence'!B6="","",'3_Frequence'!B6) -> Oui | C52: =IF('3_Frequence'!C6="","",'3_Frequence'!C6) -> 48 | D52: =IF('3_Frequence'!D6="","",'3_Frequence'!D6) -> 12
A53: =IF('3_Frequence'!A7="","",'3_Frequence'!A7) -> Type de diagnostic | B53: =IF('3_Frequence'!B7="","",'3_Frequence'!B7) -> Normotendue | C53: =IF('3_Frequence'!C7="","",'3_Frequence'!C7) -> 327 | D53: =IF('3_Frequence'!D7="","",'3_Frequence'!D7) -> 81.75
A54: =IF('3_Frequence'!A8="","",'3_Frequence'!A8) | B54: =IF('3_Frequence'!B8="","",'3_Frequence'!B8) -> HTA gestationnelle | C54: =IF('3_Frequence'!C8="","",'3_Frequence'!C8) -> 10 | D54: =IF('3_Frequence'!D8="","",'3_Frequence'!D8) -> 2.5
A55: =IF('3_Frequence'!A9="","",'3_Frequence'!A9) | B55: =IF('3_Frequence'!B9="","",'3_Frequence'!B9) -> HTA chronique seule | C55: =IF('3_Frequence'!C9="","",'3_Frequence'!C9) -> 15 | D55: =IF('3_Frequence'!D9="","",'3_Frequence'!D9) -> 3.75
A56: =IF('3_Frequence'!A10="","",'3_Frequence'!A10) | B56: =IF('3_Frequence'!B10="","",'3_Frequence'!B10) -> Prééclampsie | C56: =IF('3_Frequence'!C10="","",'3_Frequence'!C10) -> 40 | D56: =IF('3_Frequence'!D10="","",'3_Frequence'!D10) -> 10
A57: =IF('3_Frequence'!A11="","",'3_Frequence'!A11) | B57: =IF('3_Frequence'!B11="","",'3_Frequence'!B11) -> Prééclampsie surajoutée | C57: =IF('3_Frequence'!C11="","",'3_Frequence'!C11) -> 8 | D57: =IF('3_Frequence'!D11="","",'3_Frequence'!D11) -> 2
A59: Tableau 4 : facteurs associés à la prééclampsie (pourcentage = part de cas dans chaque groupe)
A60: Facteur | B60: Modalité | C60: Effectif total | D60: Cas de prééclampsie | E60: % de cas | F60: Test | G60: p-value
A61: Âge maternel | B61: ='4_Facteurs'!A8 -> Moins de 20 ans | C61: ='4_Facteurs'!D8 -> 21 | D61: ='4_Facteurs'!C8 -> 5 | E61: ='4_Facteurs'!F8 -> 23.809524 | F61: ='4_Facteurs'!B15 -> Fisher | G61: ='4_Facteurs'!B19 -> 0,165
B62: ='4_Facteurs'!A9 -> 20-29 ans | C62: ='4_Facteurs'!D9 -> 289 | D62: ='4_Facteurs'!C9 -> 31 | E62: ='4_Facteurs'!F9 -> 10.726644
B63: ='4_Facteurs'!A10 -> 30-34 ans | C63: ='4_Facteurs'!D10 -> 65 | D63: ='4_Facteurs'!C10 -> 7 | E63: ='4_Facteurs'!F10 -> 10.769231
B64: ='4_Facteurs'!A11 -> 35 ans et plus | C64: ='4_Facteurs'!D11 -> 25 | D64: ='4_Facteurs'!C11 -> 5 | E64: ='4_Facteurs'!F11 -> 20
A65: Antécédent de prééclampsie (femmes déjà accouchées) | B65: ='4_Facteurs'!A26 -> Non | C65: ='4_Facteurs'!D26 -> 258 | D65: ='4_Facteurs'!C26 -> 20 | E65: ='4_Facteurs'!F26 -> 7.751938 | F65: ='4_Facteurs'!B31 -> Fisher | G65: ='4_Facteurs'!B35 -> 0,009
B66: ='4_Facteurs'!A27 -> Oui | C66: ='4_Facteurs'!D27 -> 28 | D66: ='4_Facteurs'!C27 -> 7 | E66: ='4_Facteurs'!F27 -> 25
A67: HTA chronique | B67: ='4_Facteurs'!A51 -> Non | C67: ='4_Facteurs'!D51 -> 377 | D67: ='4_Facteurs'!C51 -> 40 | E67: ='4_Facteurs'!F51 -> 10.61008 | F67: ='4_Facteurs'!B56 -> Fisher | G67: ='4_Facteurs'!B60 -> 0,003
B68: ='4_Facteurs'!A52 -> Oui | C68: ='4_Facteurs'!D52 -> 23 | D68: ='4_Facteurs'!C52 -> 8 | E68: ='4_Facteurs'!F52 -> 34.782609
A69: Parité | B69: ='4_Facteurs'!A67 -> Nullipare (0) | C69: ='4_Facteurs'!D67 -> 108 | D69: ='4_Facteurs'!C67 -> 21 | E69: ='4_Facteurs'!F67 -> 19.444444 | F69: ='4_Facteurs'!B73 -> Chi-deux | G69: ='4_Facteurs'!B77 -> 0,002
B70: ='4_Facteurs'!A68 -> 1-2 accouchements | C70: ='4_Facteurs'!D68 -> 203 | D70: ='4_Facteurs'!C68 -> 13 | E70: ='4_Facteurs'!F68 -> 6.4039409
B71: ='4_Facteurs'!A69 -> 3 accouchements et plus | C71: ='4_Facteurs'!D69 -> 89 | D71: ='4_Facteurs'!C69 -> 14 | E71: ='4_Facteurs'!F69 -> 15.730337
A72: Type de grossesse | B72: ='4_Facteurs'!A84 -> Unique | C72: ='4_Facteurs'!D84 -> 386 | D72: ='4_Facteurs'!C84 -> 46 | E72: ='4_Facteurs'!F84 -> 11.917098 | F72: ='4_Facteurs'!B89 -> Fisher | G72: ='4_Facteurs'!B93 -> 0,679
B73: ='4_Facteurs'!A85 -> Multiple | C73: ='4_Facteurs'!D85 -> 14 | D73: ='4_Facteurs'!C85 -> 2 | E73: ='4_Facteurs'!F85 -> 14.285714
A75: Tableau 5 : caractéristiques selon le statut de prééclampsie (description)
A76: Caractéristique | B76: ="Prééclampsie (n = "&'5_Comparaison'!B8&")" -> Prééclampsie (n = 48) | C76: ="Absence de prééclampsie (n = "&'5_Comparaison'!B7&")" -> Absence de prééclampsie (n = 352)
A77: Âge maternel (ans), moyenne (écart-type) | B77: =FIXED(AVERAGEIFS(Donnees!$B$2:$B$401,Donnees!$V$2:$V$401,"Oui"),1)&" ("&FIXED(SQRT(SUMPRODUCT((Donnees!$V$2:$V$401="Oui")*ISNUMBER(Donnees!$B$2:$B$401)*(Donnees!$B$2:$B$401-AVERAGEIFS(Donnees!$B$2:$B$401,Donnees!$V$2:$V$401,"Oui"))^2)/(COUNTIFS(Donnees!$V$2:$V$401,"Oui",Donnees!$B$2:$B$401,"<>")-1)),1)&")" -> 26,5 (6,1) | C77: =FIXED(AVERAGEIFS(Donnees!$B$2:$B$401,Donnees!$V$2:$V$401,"Non"),1)&" ("&FIXED(SQRT(SUMPRODUCT((Donnees!$V$2:$V$401="Non")*ISNUMBER(Donnees!$B$2:$B$401)*(Donnees!$B$2:$B$401-AVERAGEIFS(Donnees!$B$2:$B$401,Donnees!$V$2:$V$401,"Non"))^2)/(COUNTIFS(Donnees!$V$2:$V$401,"Non",Donnees!$B$2:$B$401,"<>")-1)),1)&")" -> 26,4 (4,8)
A78: IMC (kg/m2), moyenne (écart-type) | B78: =FIXED(AVERAGEIFS(Donnees!$P$2:$P$401,Donnees!$V$2:$V$401,"Oui"),1)&" ("&FIXED(SQRT(SUMPRODUCT((Donnees!$V$2:$V$401="Oui")*ISNUMBER(Donnees!$P$2:$P$401)*(Donnees!$P$2:$P$401-AVERAGEIFS(Donnees!$P$2:$P$401,Donnees!$V$2:$V$401,"Oui"))^2)/(COUNTIFS(Donnees!$V$2:$V$401,"Oui",Donnees!$P$2:$P$401,"<>")-1)),1)&")" -> 25,6 (4,5) | C78: =FIXED(AVERAGEIFS(Donnees!$P$2:$P$401,Donnees!$V$2:$V$401,"Non"),1)&" ("&FIXED(SQRT(SUMPRODUCT((Donnees!$V$2:$V$401="Non")*ISNUMBER(Donnees!$P$2:$P$401)*(Donnees!$P$2:$P$401-AVERAGEIFS(Donnees!$P$2:$P$401,Donnees!$V$2:$V$401,"Non"))^2)/(COUNTIFS(Donnees!$V$2:$V$401,"Non",Donnees!$P$2:$P$401,"<>")-1)),1)&")" -> 24,0 (3,7)
A79: Nombre de CPN, moyenne (écart-type) | B79: =FIXED(AVERAGEIFS(Donnees!$N$2:$N$401,Donnees!$V$2:$V$401,"Oui"),1)&" ("&FIXED(SQRT(SUMPRODUCT((Donnees!$V$2:$V$401="Oui")*ISNUMBER(Donnees!$N$2:$N$401)*(Donnees!$N$2:$N$401-AVERAGEIFS(Donnees!$N$2:$N$401,Donnees!$V$2:$V$401,"Oui"))^2)/(COUNTIFS(Donnees!$V$2:$V$401,"Oui",Donnees!$N$2:$N$401,"<>")-1)),1)&")" -> 3,6 (1,6) | C79: =FIXED(AVERAGEIFS(Donnees!$N$2:$N$401,Donnees!$V$2:$V$401,"Non"),1)&" ("&FIXED(SQRT(SUMPRODUCT((Donnees!$V$2:$V$401="Non")*ISNUMBER(Donnees!$N$2:$N$401)*(Donnees!$N$2:$N$401-AVERAGEIFS(Donnees!$N$2:$N$401,Donnees!$V$2:$V$401,"Non"))^2)/(COUNTIFS(Donnees!$V$2:$V$401,"Non",Donnees!$N$2:$N$401,"<>")-1)),1)&")" -> 3,6 (2,0)
A80: Âge gestationnel (SA), moyenne (écart-type) | B80: =FIXED(AVERAGEIFS(Donnees!$M$2:$M$401,Donnees!$V$2:$V$401,"Oui"),1)&" ("&FIXED(SQRT(SUMPRODUCT((Donnees!$V$2:$V$401="Oui")*ISNUMBER(Donnees!$M$2:$M$401)*(Donnees!$M$2:$M$401-AVERAGEIFS(Donnees!$M$2:$M$401,Donnees!$V$2:$V$401,"Oui"))^2)/(COUNTIFS(Donnees!$V$2:$V$401,"Oui",Donnees!$M$2:$M$401,"<>")-1)),1)&")" -> 35,3 (3,6) | C80: =FIXED(AVERAGEIFS(Donnees!$M$2:$M$401,Donnees!$V$2:$V$401,"Non"),1)&" ("&FIXED(SQRT(SUMPRODUCT((Donnees!$V$2:$V$401="Non")*ISNUMBER(Donnees!$M$2:$M$401)*(Donnees!$M$2:$M$401-AVERAGEIFS(Donnees!$M$2:$M$401,Donnees!$V$2:$V$401,"Non"))^2)/(COUNTIFS(Donnees!$V$2:$V$401,"Non",Donnees!$M$2:$M$401,"<>")-1)),1)&")" -> 34,2 (4,4)
A81: Âge < 20 ans, n (%) | B81: =COUNTIFS(Donnees!$W$2:$W$401,"Moins de 20 ans",Donnees!$V$2:$V$401,"Oui")&" ("&FIXED(COUNTIFS(Donnees!$W$2:$W$401,"Moins de 20 ans",Donnees!$V$2:$V$401,"Oui")/COUNTIFS(Donnees!$V$2:$V$401,"Oui",Donnees!$W$2:$W$401,"<>")*100,1)&" %)" -> 5 (10,4 %) | C81: =COUNTIFS(Donnees!$W$2:$W$401,"Moins de 20 ans",Donnees!$V$2:$V$401,"Non")&" ("&FIXED(COUNTIFS(Donnees!$W$2:$W$401,"Moins de 20 ans",Donnees!$V$2:$V$401,"Non")/COUNTIFS(Donnees!$V$2:$V$401,"Non",Donnees!$W$2:$W$401,"<>")*100,1)&" %)" -> 16 (4,5 %)
A82: Âge >= 35 ans, n (%) | B82: =COUNTIFS(Donnees!$W$2:$W$401,"35 ans et plus",Donnees!$V$2:$V$401,"Oui")&" ("&FIXED(COUNTIFS(Donnees!$W$2:$W$401,"35 ans et plus",Donnees!$V$2:$V$401,"Oui")/COUNTIFS(Donnees!$V$2:$V$401,"Oui",Donnees!$W$2:$W$401,"<>")*100,1)&" %)" -> 5 (10,4 %) | C82: =COUNTIFS(Donnees!$W$2:$W$401,"35 ans et plus",Donnees!$V$2:$V$401,"Non")&" ("&FIXED(COUNTIFS(Donnees!$W$2:$W$401,"35 ans et plus",Donnees!$V$2:$V$401,"Non")/COUNTIFS(Donnees!$V$2:$V$401,"Non",Donnees!$W$2:$W$401,"<>")*100,1)&" %)" -> 20 (5,7 %)
A83: Nullipare, n (%) | B83: =COUNTIFS(Donnees!$X$2:$X$401,"Nullipare (0)",Donnees!$V$2:$V$401,"Oui")&" ("&FIXED(COUNTIFS(Donnees!$X$2:$X$401,"Nullipare (0)",Donnees!$V$2:$V$401,"Oui")/COUNTIFS(Donnees!$V$2:$V$401,"Oui",Donnees!$X$2:$X$401,"<>")*100,1)&" %)" -> 21 (43,8 %) | C83: =COUNTIFS(Donnees!$X$2:$X$401,"Nullipare (0)",Donnees!$V$2:$V$401,"Non")&" ("&FIXED(COUNTIFS(Donnees!$X$2:$X$401,"Nullipare (0)",Donnees!$V$2:$V$401,"Non")/COUNTIFS(Donnees!$V$2:$V$401,"Non",Donnees!$X$2:$X$401,"<>")*100,1)&" %)" -> 87 (24,7 %)
A84: HTA chronique, n (%) | B84: =COUNTIFS(Donnees!$J$2:$J$401,"Oui",Donnees!$V$2:$V$401,"Oui")&" ("&FIXED(COUNTIFS(Donnees!$J$2:$J$401,"Oui",Donnees!$V$2:$V$401,"Oui")/COUNTIFS(Donnees!$V$2:$V$401,"Oui",Donnees!$J$2:$J$401,"<>")*100,1)&" %)" -> 8 (16,7 %) | C84: =COUNTIFS(Donnees!$J$2:$J$401,"Oui",Donnees!$V$2:$V$401,"Non")&" ("&FIXED(COUNTIFS(Donnees!$J$2:$J$401,"Oui",Donnees!$V$2:$V$401,"Non")/COUNTIFS(Donnees!$V$2:$V$401,"Non",Donnees!$J$2:$J$401,"<>")*100,1)&" %)" -> 15 (4,3 %)
A85: Antécédent familial d'HTA, n (%) | B85: =COUNTIFS(Donnees!$K$2:$K$401,"Oui",Donnees!$V$2:$V$401,"Oui")&" ("&FIXED(COUNTIFS(Donnees!$K$2:$K$401,"Oui",Donnees!$V$2:$V$401,"Oui")/COUNTIFS(Donnees!$V$2:$V$401,"Oui",Donnees!$K$2:$K$401,"<>")*100,1)&" %)" -> 9 (18,8 %) | C85: =COUNTIFS(Donnees!$K$2:$K$401,"Oui",Donnees!$V$2:$V$401,"Non")&" ("&FIXED(COUNTIFS(Donnees!$K$2:$K$401,"Oui",Donnees!$V$2:$V$401,"Non")/COUNTIFS(Donnees!$V$2:$V$401,"Non",Donnees!$K$2:$K$401,"<>")*100,1)&" %)" -> 75 (22,1 %)
A86: Diabète préexistant, n (%) | B86: =COUNTIFS(Donnees!$L$2:$L$401,"Oui",Donnees!$V$2:$V$401,"Oui")&" ("&FIXED(COUNTIFS(Donnees!$L$2:$L$401,"Oui",Donnees!$V$2:$V$401,"Oui")/COUNTIFS(Donnees!$V$2:$V$401,"Oui",Donnees!$L$2:$L$401,"<>")*100,1)&" %)" -> 1 (2,1 %) | C86: =COUNTIFS(Donnees!$L$2:$L$401,"Oui",Donnees!$V$2:$V$401,"Non")&" ("&FIXED(COUNTIFS(Donnees!$L$2:$L$401,"Oui",Donnees!$V$2:$V$401,"Non")/COUNTIFS(Donnees!$V$2:$V$401,"Non",Donnees!$L$2:$L$401,"<>")*100,1)&" %)" -> 11 (3,2 %)
A87: Grossesse multiple, n (%) | B87: =COUNTIFS(Donnees!$O$2:$O$401,"Multiple",Donnees!$V$2:$V$401,"Oui")&" ("&FIXED(COUNTIFS(Donnees!$O$2:$O$401,"Multiple",Donnees!$V$2:$V$401,"Oui")/COUNTIFS(Donnees!$V$2:$V$401,"Oui",Donnees!$O$2:$O$401,"<>")*100,1)&" %)" -> 2 (4,2 %) | C87: =COUNTIFS(Donnees!$O$2:$O$401,"Multiple",Donnees!$V$2:$V$401,"Non")&" ("&FIXED(COUNTIFS(Donnees!$O$2:$O$401,"Multiple",Donnees!$V$2:$V$401,"Non")/COUNTIFS(Donnees!$V$2:$V$401,"Non",Donnees!$O$2:$O$401,"<>")*100,1)&" %)" -> 12 (3,4 %)

Sheet 7_Graphiques
A1: Section 6 – Graphiques
A2: Équivalents des graphiques ggplot2 (aux couleurs Omicaa Lab). Clic droit > Enregistrer en tant qu'image pour les insérer dans Word.
A44: Boxplot : boîte = 1er quartile à 3e quartile, trait blanc = médiane, moustaches = règle 1,5 × IQR, losange blanc = moyenne (les valeurs extrêmes isolées ne sont pas tracées).

Sheet 8_Synthese
A1: Section 5 – Synthèse des tests statistiques et des résultats
A4: Question | B4: Test retenu | C4: Effectif attendu min. | D4: p-value | E4: p-value affichée | F4: Conclusion
A5: Q5 Âge (tranches) × prééclampsie | B5: ='4_Facteurs'!B15 -> Fisher | C5: ='4_Facteurs'!B14 -> 2.52 | D5: ='4_Facteurs'!B18 -> 0.1648947 | E5: ='4_Facteurs'!B19 -> 0,165 | F5: =IF(D5<0.05,"Association statistiquement significative","Non significatif : absence d'association non prouvée") -> Non significatif : absence d'association non prouvée
A6: Q6 Antécédent de prééclampsie × prééclampsie | B6: ='4_Facteurs'!B31 -> Fisher | C6: ='4_Facteurs'!B30 -> 2.6433566 | D6: ='4_Facteurs'!B34 -> 0.0090931023 | E6: ='4_Facteurs'!B35 -> 0,009 | F6: =IF(D6<0.05,"Association statistiquement significative","Non significatif : absence d'association non prouvée") -> Association statistiquement significative
A7: Q7 HTA chronique × prééclampsie | B7: ='4_Facteurs'!B56 -> Fisher | C7: ='4_Facteurs'!B55 -> 2.76 | D7: ='4_Facteurs'!B59 -> 0.0029062659 | E7: ='4_Facteurs'!B60 -> 0,003 | F7: =IF(D7<0.05,"Association statistiquement significative","Non significatif : absence d'association non prouvée") -> Association statistiquement significative
A8: Q8 Parité × prééclampsie | B8: ='4_Facteurs'!B73 -> Chi-deux | C8: ='4_Facteurs'!B72 -> 10.68 | D8: ='4_Facteurs'!B76 -> 0.0016118643 | E8: ='4_Facteurs'!B77 -> 0,002 | F8: =IF(D8<0.05,"Association statistiquement significative","Non significatif : absence d'association non prouvée") -> Association statistiquement significative
A9: Q9 Grossesse multiple × prééclampsie | B9: ='4_Facteurs'!B89 -> Fisher | C9: ='4_Facteurs'!B88 -> 1.68 | D9: ='4_Facteurs'!B92 -> 0.67928361 | E9: ='4_Facteurs'!B93 -> 0,679 | F9: =IF(D9<0.05,"Association statistiquement significative","Non significatif : absence d'association non prouvée") -> Non significatif : absence d'association non prouvée
A10: Q10 Âge moyen selon le statut | B10: ='5_Comparaison'!B11 -> Test t de Student (Welch) | C10: – | D10: ='5_Comparaison'!B29 -> 0.88698968 | E10: ='5_Comparaison'!B30 -> 0,887 | F10: =IF(D10<0.05,"Différence statistiquement significative","Non significatif : absence de différence non prouvée") -> Non significatif : absence de différence non prouvée
A12: Synthèse des principaux résultats (équivalent du fichier Synthese_resultats)
A13: Question | B13: Résultat
A14: Q1 | B14: ="Âge moyen "&FIXED('2_Description'!B7,1)&" ans (écart-type "&FIXED('2_Description'!B8,1)&") ; médiane "&'2_Description'!B9&" ; min "&'2_Description'!B10&" ; max "&'2_Description'!B11 -> Âge moyen 26,4 ans (écart-type 4,9) ; médiane 26 ; min 17 ; max 45
A15: Q2 | B15: ="Niveau secondaire : "&FIXED('2_Description'!D36,1)&" % ; milieu urbain : "&FIXED('2_Description'!D46,1)&" %" -> Niveau secondaire : 44,9 % ; milieu urbain : 59,5 %
A16: Q3 | B16: ="Parité moyenne "&FIXED('2_Description'!C52,1)&" ; CPN moyen "&FIXED('2_Description'!C53,1)&" ; âge gestationnel moyen "&FIXED('2_Description'!C54,1)&" SA" -> Parité moyenne 1,6 ; CPN moyen 3,6 ; âge gestationnel moyen 34,4 SA
A17: Q4 | B17: ='3_Frequence'!C6&" cas sur "&SUM('3_Frequence'!C5:C6)&" femmes ("&FIXED('3_Frequence'!D6,1)&" %)" -> 48 cas sur 400 femmes (12,0 %)
A18: Q5 | B18: ='4_Facteurs'!B15&", p = "&'4_Facteurs'!B19&" ; % de prééclampsie - "&'4_Facteurs'!A8&" : "&FIXED('4_Facteurs'!F8,1)&" % ; "&'4_Facteurs'!A9&" : "&FIXED('4_Facteurs'!F9,1)&" % ; "&'4_Facteurs'!A10&" : "&FIXED('4_Facteurs'!F10,1)&" % ; "&'4_Facteurs'!A11&" : "&FIXED('4_Facteurs'!F11,1)&" %" -> Fisher, p = 0,165 ; % de prééclampsie - Moins de 20 ans : 23,8 % ; 20-29 ans : 10,7 % ; 30-34 ans : 10,8 % ; 35 ans et plus : 20,0 %
A19: Q6 | B19: ='4_Facteurs'!B31&", p = "&'4_Facteurs'!B35&" ; avec antécédent : "&FIXED('4_Facteurs'!F27,1)&" % ; sans antécédent : "&FIXED('4_Facteurs'!F26,1)&" %" -> Fisher, p = 0,009 ; avec antécédent : 25,0 % ; sans antécédent : 7,8 %
A20: Q7 | B20: ='4_Facteurs'!B56&", p = "&'4_Facteurs'!B60&" ; avec HTA chronique : "&FIXED('4_Facteurs'!F52,1)&" % ; sans : "&FIXED('4_Facteurs'!F51,1)&" %" -> Fisher, p = 0,003 ; avec HTA chronique : 34,8 % ; sans : 10,6 %
A21: Q8 | B21: ='4_Facteurs'!B73&", p = "&'4_Facteurs'!B77&" ; nullipares : "&FIXED('4_Facteurs'!F67,1)&" %" -> Chi-deux, p = 0,002 ; nullipares : 19,4 %
A22: Q9 | B22: ='4_Facteurs'!B89&", p = "&'4_Facteurs'!B93&" ; grossesse multiple : "&FIXED('4_Facteurs'!F85,1)&" % ; unique : "&FIXED('4_Facteurs'!F84,1)&" %" -> Fisher, p = 0,679 ; grossesse multiple : 14,3 % ; unique : 11,9 %
A23: Q10 | B23: ='5_Comparaison'!B11&", p = "&'5_Comparaison'!B30&" ; âge moyen "&FIXED('5_Comparaison'!C8,1)&" ans (prééclampsie) contre "&FIXED('5_Comparaison'!C7,1)&" ans (sans)" -> Test t de Student (Welch), p = 0,887 ; âge moyen 26,5 ans (prééclampsie) contre 26,4 ans (sans)
A25: Rappels : une association statistique n'est pas une causalité ; p ≥ 0,05 ne prouve pas l'absence d'association ; données synthétiques.

Sheet Fisher_2x2
A1: Test exact de Fisher 2 × 2 (Questions 6, 7 et 9)
A2: p-value bilatérale = somme des probabilités hypergéométriques ≤ à celle du tableau observé (même règle que fisher.test de R)
B4: Q6 Antécédent | C4: Q7 HTA chronique | D4: Q9 Grossesse multiple
A5: Cas observés dans la 1re ligne (a) | B5: ='4_Facteurs'!C26 -> 20 | C5: ='4_Facteurs'!C51 -> 40 | D5: ='4_Facteurs'!C84 -> 46
A6: Taille de la 1re ligne | B6: ='4_Facteurs'!D26 -> 258 | C6: ='4_Facteurs'!D51 -> 377 | D6: ='4_Facteurs'!D84 -> 386
A7: Total des cas (colonne Oui) | B7: ='4_Facteurs'!C28 -> 27 | C7: ='4_Facteurs'!C53 -> 48 | D7: ='4_Facteurs'!C86 -> 48
A8: Total général | B8: ='4_Facteurs'!D28 -> 286 | C8: ='4_Facteurs'!D53 -> 400 | D8: ='4_Facteurs'!D86 -> 400
A9: Probabilité du tableau observé | B9: =HYPGEOMDIST(B5,B6,B7,B8) -> 0.0071911334 | C9: =HYPGEOMDIST(C5,C6,C7,C8) -> 0.002355729 | D9: =HYPGEOMDIST(D5,D6,D7,D8) -> 0.28817311
A10: p-value de Fisher (bilatérale) | B10: =SUMIF(B14:B94,"<="&B9*(1+0.0000001)) -> 0.0090931023 | C10: =SUMIF(C14:C94,"<="&C9*(1+0.0000001)) -> 0.0029062659 | D10: =SUMIF(D14:D94,"<="&D9*(1+0.0000001)) -> 0.67928361
A13: x (cas dans la 1re ligne) | B13: P(x) Q6 | C13: P(x) Q7 | D13: P(x) Q9
A14: 0 | B14: =IFERROR(HYPGEOMDIST($A14,B$6,B$7,B$8),0) -> 5.1585223e-37 | C14: =IFERROR(HYPGEOMDIST($A14,C$6,C$7,C$8),0) -> 0 | D14: =IFERROR(HYPGEOMDIST($A14,D$6,D$7,D$8),0) -> 0
A15: 1 | B15: =IFERROR(HYPGEOMDIST($A15,B$6,B$7,B$8),0) -> 1.7967133e-33 | C15: =IFERROR(HYPGEOMDIST($A15,C$6,C$7,C$8),0) -> 0 | D15: =IFERROR(HYPGEOMDIST($A15,D$6,D$7,D$8),0) -> 0
A16: 2 | B16: =IFERROR(HYPGEOMDIST($A16,B$6,B$7,B$8),0) -> 2.0009397e-30 | C16: =IFERROR(HYPGEOMDIST($A16,C$6,C$7,C$8),0) -> 0 | D16: =IFERROR(HYPGEOMDIST($A16,D$6,D$7,D$8),0) -> 0
A17: 3 | B17: =IFERROR(HYPGEOMDIST($A17,B$6,B$7,B$8),0) -> 1.0671679e-27 | C17: =IFERROR(HYPGEOMDIST($A17,C$6,C$7,C$8),0) -> 0 | D17: =IFERROR(HYPGEOMDIST($A17,D$6,D$7,D$8),0) -> 0
A18: 4 | B18: =IFERROR(HYPGEOMDIST($A18,B$6,B$7,B$8),0) -> 3.2655336e-25 | C18: =IFERROR(HYPGEOMDIST($A18,C$6,C$7,C$8),0) -> 0 | D18: =IFERROR(HYPGEOMDIST($A18,D$6,D$7,D$8),0) -> 0
A19: 5 | B19: =IFERROR(HYPGEOMDIST($A19,B$6,B$7,B$8),0) -> 6.3590825e-23 | C19: =IFERROR(HYPGEOMDIST($A19,C$6,C$7,C$8),0) -> 0 | D19: =IFERROR(HYPGEOMDIST($A19,D$6,D$7,D$8),0) -> 0
A20: 6 | B20: =IFERROR(HYPGEOMDIST($A20,B$6,B$7,B$8),0) -> 8.4272984e-21 | C20: =IFERROR(HYPGEOMDIST($A20,C$6,C$7,C$8),0) -> 0 | D20: =IFERROR(HYPGEOMDIST($A20,D$6,D$7,D$8),0) -> 0
A21: 7 | B21: =IFERROR(HYPGEOMDIST($A21,B$6,B$7,B$8),0) -> 7.963797e-19 | C21: =IFERROR(HYPGEOMDIST($A21,C$6,C$7,C$8),0) -> 0 | D21: =IFERROR(HYPGEOMDIST($A21,D$6,D$7,D$8),0) -> 0
A22: 8 | B22: =IFERROR(HYPGEOMDIST($A22,B$6,B$7,B$8),0) -> 5.5525362e-17 | C22: =IFERROR(HYPGEOMDIST($A22,C$6,C$7,C$8),0) -> 0 | D22: =IFERROR(HYPGEOMDIST($A22,D$6,D$7,D$8),0) -> 0
A23: 9 | B23: =IFERROR(HYPGEOMDIST($A23,B$6,B$7,B$8),0) -> 2.9305052e-15 | C23: =IFERROR(HYPGEOMDIST($A23,C$6,C$7,C$8),0) -> 0 | D23: =IFERROR(HYPGEOMDIST($A23,D$6,D$7,D$8),0) -> 0
A24: 10 | B24: =IFERROR(HYPGEOMDIST($A24,B$6,B$7,B$8),0) -> 1.1940477e-13 | C24: =IFERROR(HYPGEOMDIST($A24,C$6,C$7,C$8),0) -> 0 | D24: =IFERROR(HYPGEOMDIST($A24,D$6,D$7,D$8),0) -> 0
A25: 11 | B25: =IFERROR(HYPGEOMDIST($A25,B$6,B$7,B$8),0) -> 3.8137159e-12 | C25: =IFERROR(HYPGEOMDIST($A25,C$6,C$7,C$8),0) -> 0 | D25: =IFERROR(HYPGEOMDIST($A25,D$6,D$7,D$8),0) -> 0
... A94: 80 | B94: =IFERROR(HYPGEOMDIST($A94,B$6,B$7,B$8),0) -> 0 | C94: =IFERROR(HYPGEOMDIST($A94,C$6,C$7,C$8),0) -> 0 | D94: =IFERROR(HYPGEOMDIST($A94,D$6,D$7,D$8),0) -> 0

Sheet Fisher_Q5
A1: Test exact de Fisher – Question 5 (âge en 4 tranches)
A2: Test exact de Fisher r × 2 : toutes les répartitions possibles des cas entre les groupes (marges fixées), construites pour les marges ci-dessous.
A3: Effectifs des groupes (formules) | F3: Total des cas | G3: Total général
A4: ='4_Facteurs'!D8 -> 21 | B4: ='4_Facteurs'!D9 -> 289 | C4: ='4_Facteurs'!D10 -> 65 | D4: ='4_Facteurs'!D11 -> 25 | F4: ='4_Facteurs'!C12 -> 48 | G4: ='4_Facteurs'!D12 -> 400
A5: Marges utilisées à la construction
A6: 21 | B6: 289 | C6: 65 | D6: 25 | F6: 48 | G6: 400
A7: =IF(AND(A4=A6,B4=B6,C4=C6,D4=D6,F4=F6),"Marges identiques : test valide","ATTENTION : les effectifs ont changé, ce test exact n'est plus valide") -> Marges identiques : test valide
A9: Probabilité du tableau observé | E9: =COMBIN(A4,'4_Facteurs'!C8)*COMBIN(B4,'4_Facteurs'!C9)*COMBIN(C4,'4_Facteurs'!C10)*COMBIN(D4,'4_Facteurs'!C11)/COMBIN($G$4,$F$4) -> 0.00099082135
A10: p-value de Fisher (bilatérale) | E10: =SUMIF(E14:E14885,"<="&E9*(1+0.0000001)) -> 0.1648947
A13: a1 (cas groupe 1) | B13: a2 (cas groupe 2) | C13: a3 (cas groupe 3) | D13: a4 (cas groupe 4) | E13: Probabilité
A14: 0 | B14: 0 | C14: 23 | D14: 25 | E14: =COMBIN(A$4,A14)*COMBIN(B$4,B14)*COMBIN(C$4,C14)*COMBIN(D$4,D14)/COMBIN($G$4,$F$4) -> 6.721655e-46
A15: 0 | B15: 0 | C15: 24 | D15: 24 | E15: =COMBIN(A$4,A15)*COMBIN(B$4,B15)*COMBIN(C$4,C15)*COMBIN(D$4,D15)/COMBIN($G$4,$F$4) -> 2.9407241e-44
A16: 0 | B16: 0 | C16: 25 | D16: 23 | E16: =COMBIN(A$4,A16)*COMBIN(B$4,B16)*COMBIN(C$4,C16)*COMBIN(D$4,D16)/COMBIN($G$4,$F$4) -> 5.7873449e-43
A17: 0 | B17: 0 | C17: 26 | D17: 22 | E17: =COMBIN(A$4,A17)*COMBIN(B$4,B17)*COMBIN(C$4,C17)*COMBIN(D$4,D17)/COMBIN($G$4,$F$4) -> 6.8260992e-42
A18: 0 | B18: 0 | C18: 27 | D18: 21 | E18: =COMBIN(A$4,A18)*COMBIN(B$4,B18)*COMBIN(C$4,C18)*COMBIN(D$4,D18)/COMBIN($G$4,$F$4) -> 5.4229566e-41
A19: 0 | B19: 0 | C19: 28 | D19: 20 | E19: =COMBIN(A$4,A19)*COMBIN(B$4,B19)*COMBIN(C$4,C19)*COMBIN(D$4,D19)/COMBIN($G$4,$F$4) -> 3.0910852e-40
A20: 0 | B20: 0 | C20: 29 | D20: 19 | E20: =COMBIN(A$4,A20)*COMBIN(B$4,B20)*COMBIN(C$4,C20)*COMBIN(D$4,D20)/COMBIN($G$4,$F$4) -> 1.3145995e-39
A21: 0 | B21: 0 | C21: 30 | D21: 18 | E21: =COMBIN(A$4,A21)*COMBIN(B$4,B21)*COMBIN(C$4,C21)*COMBIN(D$4,D21)/COMBIN($G$4,$F$4) -> 4.2818383e-39
A22: 0 | B22: 0 | C22: 31 | D22: 17 | E22: =COMBIN(A$4,A22)*COMBIN(B$4,B22)*COMBIN(C$4,C22)*COMBIN(D$4,D22)/COMBIN($G$4,$F$4) -> 1.087725e-38
A23: 0 | B23: 0 | C23: 32 | D23: 16 | E23: =COMBIN(A$4,A23)*COMBIN(B$4,B23)*COMBIN(C$4,C23)*COMBIN(D$4,D23)/COMBIN($G$4,$F$4) -> 2.1830037e-38
A24: 0 | B24: 0 | C24: 33 | D24: 15 | E24: =COMBIN(A$4,A24)*COMBIN(B$4,B24)*COMBIN(C$4,C24)*COMBIN(D$4,D24)/COMBIN($G$4,$F$4) -> 3.492806e-38
A25: 0 | B25: 0 | C25: 34 | D25: 14 | E25: =COMBIN(A$4,A25)*COMBIN(B$4,B25)*COMBIN(C$4,C25)*COMBIN(D$4,D25)/COMBIN($G$4,$F$4) -> 4.4827456e-38
... A14885: 21 | B14885: 27 | C14885: 0 | D14885: 0 | E14885: =COMBIN(A$4,A14885)*COMBIN(B$4,B14885)*COMBIN(C$4,C14885)*COMBIN(D$4,D14885)/COMBIN($G$4,$F$4) -> 2.1587801e-25

Sheet Fisher_Q8
A1: Test exact de Fisher – Question 8 (parité en 3 groupes)
A2: Test exact de Fisher r × 2 : toutes les répartitions possibles des cas entre les groupes (marges fixées), construites pour les marges ci-dessous.
A3: Effectifs des groupes (formules) | E3: Total des cas | F3: Total général
A4: ='4_Facteurs'!D67 -> 108 | B4: ='4_Facteurs'!D68 -> 203 | C4: ='4_Facteurs'!D69 -> 89 | E4: ='4_Facteurs'!C70 -> 48 | F4: ='4_Facteurs'!D70 -> 400
A5: Marges utilisées à la construction
A6: 108 | B6: 203 | C6: 89 | E6: 48 | F6: 400
A7: =IF(AND(A4=A6,B4=B6,C4=C6,E4=E6),"Marges identiques : test valide","ATTENTION : les effectifs ont changé, ce test exact n'est plus valide") -> Marges identiques : test valide
A9: Probabilité du tableau observé | D9: =COMBIN(A4,'4_Facteurs'!C67)*COMBIN(B4,'4_Facteurs'!C68)*COMBIN(C4,'4_Facteurs'!C69)/COMBIN($F$4,$E$4) -> 2.9970067e-05
A10: p-value de Fisher (bilatérale) | D10: =SUMIF(D14:D1238,"<="&D9*(1+0.0000001)) -> 0.0012564908
A13: a1 (cas groupe 1) | B13: a2 (cas groupe 2) | C13: a3 (cas groupe 3) | D13: Probabilité
A14: 0 | B14: 0 | C14: 48 | D14: =COMBIN(A$4,A14)*COMBIN(B$4,B14)*COMBIN(C$4,C14)/COMBIN($F$4,$E$4) -> 1.1767228e-37
A15: 0 | B15: 1 | C15: 47 | D15: =COMBIN(A$4,A15)*COMBIN(B$4,B15)*COMBIN(C$4,C15)/COMBIN($F$4,$E$4) -> 2.7299969e-35
A16: 0 | B16: 2 | C16: 46 | D16: =COMBIN(A$4,A16)*COMBIN(B$4,B16)*COMBIN(C$4,C16)/COMBIN($F$4,$E$4) -> 3.0137896e-33
A17: 0 | B17: 3 | C17: 45 | D17: =COMBIN(A$4,A17)*COMBIN(B$4,B17)*COMBIN(C$4,C17)/COMBIN($F$4,$E$4) -> 2.1110227e-31
A18: 0 | B18: 4 | C18: 44 | D18: =COMBIN(A$4,A18)*COMBIN(B$4,B18)*COMBIN(C$4,C18)/COMBIN($F$4,$E$4) -> 1.0555113e-29
A19: 0 | B19: 5 | C19: 43 | D19: =COMBIN(A$4,A19)*COMBIN(B$4,B19)*COMBIN(C$4,C19)/COMBIN($F$4,$E$4) -> 4.0182857e-28
A20: 0 | B20: 6 | C20: 42 | D20: =COMBIN(A$4,A20)*COMBIN(B$4,B20)*COMBIN(C$4,C20)/COMBIN($F$4,$E$4) -> 1.2131803e-26
A21: 0 | B21: 7 | C21: 41 | D21: =COMBIN(A$4,A21)*COMBIN(B$4,B21)*COMBIN(C$4,C21)/COMBIN($F$4,$E$4) -> 2.9874565e-25
A22: 0 | B22: 8 | C22: 40 | D22: =COMBIN(A$4,A22)*COMBIN(B$4,B22)*COMBIN(C$4,C22)/COMBIN($F$4,$E$4) -> 6.1242858e-24
A23: 0 | B23: 9 | C23: 39 | D23: =COMBIN(A$4,A23)*COMBIN(B$4,B23)*COMBIN(C$4,C23)/COMBIN($F$4,$E$4) -> 1.0615429e-22
A24: 0 | B24: 10 | C24: 38 | D24: =COMBIN(A$4,A24)*COMBIN(B$4,B24)*COMBIN(C$4,C24)/COMBIN($F$4,$E$4) -> 1.5748301e-21
A25: 0 | B25: 11 | C25: 37 | D25: =COMBIN(A$4,A25)*COMBIN(B$4,B25)*COMBIN(C$4,C25)/COMBIN($F$4,$E$4) -> 2.0191965e-20
... A1238: 48 | B1238: 0 | C1238: 0 | D1238: =COMBIN(A$4,A1238)*COMBIN(B$4,B1238)*COMBIN(C$4,C1238)/COMBIN($F$4,$E$4) -> 3.7960632e-32
